OrderID,CustomerID,Region,Category,ProductName,Quantity,UnitPrice,Revenue,OrderDate,BillingStatus,TicketOpenDate,TicketCloseDate,Month,DaysToClose,ClosedWithin7
ORD-1000,CUST-029,North,Time & Materials,On-site Repair,4,322.1,1288.4,2024-02-22,Overdue,2024-02-22,2024-03-05,2024-02,12,False
ORD-1001,CUST-140,North,Equipment,Sensor Unit,1,232.71,232.71,2024-04-29,Overdue,2024-04-29,2024-05-09,2024-04,10,False
ORD-1002,CUST-007,South,Equipment,Sensor Unit,8,1199.07,9592.56,2024-01-04,Billed,2024-01-04,2024-01-16,2024-01,12,False
ORD-1003,CUST-109,East,Time & Materials,On-site Repair,4,1916.57,7666.28,2024-06-21,Billed,2024-06-21,2024-06-23,2024-06,2,True
ORD-1004,CUST-098,North,Time & Materials,Remote Support,10,565.82,5658.2,2024-01-23,Overdue,2024-01-23,2024-01-31,2024-01,8,False
ORD-1005,CUST-138,North,Equipment,Sensor Unit,9,621.7,5595.3,2024-11-17,Overdue,2024-11-17,2024-12-01,2024-11,14,False
ORD-1006,CUST-093,South,Spare Parts,Filter Unit,4,1557.48,6229.92,2024-02-10,Billed,2024-02-10,2024-02-24,2024-02,14,False
ORD-1007,CUST-026,West,Time & Materials,Remote Support,6,367.18,2203.08,2024-06-30,Billed,2024-06-30,2024-07-11,2024-06,11,False
ORD-1008,CUST-069,North,Service Contract,Enterprise Plan,4,368.63,1474.52,2024-07-13,Pending,2024-07-13,2024-07-24,2024-07,11,False
ORD-1009,CUST-143,South,Time & Materials,On-site Repair,4,1652.52,6610.08,2024-06-10,Pending,2024-06-10,2024-06-15,2024-06,5,True
ORD-1010,CUST-017,South,Time & Materials,On-site Repair,8,821.48,6571.84,2024-11-25,Pending,2024-11-25,2024-11-28,2024-11,3,True
ORD-1011,CUST-068,South,Service Contract,Enterprise Plan,9,1101.01,9909.09,2024-10-26,Pending,2024-10-26,2024-11-05,2024-10,10,False
ORD-1012,CUST-103,East,Service Contract,Basic Plan,9,1012.36,9111.24,2024-01-25,Billed,2024-01-25,2024-01-28,2024-01,3,True
ORD-1013,CUST-041,West,Spare Parts,Valve Kit,7,1211.98,8483.86,2024-08-27,Overdue,2024-08-27,2024-09-01,2024-08,5,True
ORD-1014,CUST-142,North,Spare Parts,Control Board,6,267.53,1605.18,2024-08-10,Billed,2024-08-10,2024-08-18,2024-08,8,False
ORD-1015,CUST-001,East,Service Contract,Enterprise Plan,2,1747.51,3495.02,2024-06-01,Overdue,2024-06-01,2024-06-10,2024-06,9,False
ORD-1016,CUST-051,South,Time & Materials,On-site Repair,9,1909.32,17183.88,2024-09-28,Billed,2024-09-28,2024-10-08,2024-09,10,False
ORD-1017,CUST-083,West,Spare Parts,Filter Unit,6,1763.51,10581.06,2024-06-06,Billed,2024-06-06,2024-06-07,2024-06,1,True
ORD-1018,CUST-062,North,Spare Parts,Valve Kit,2,1957.07,3914.14,2024-09-29,Billed,2024-09-29,2024-10-02,2024-09,3,True
ORD-1019,CUST-122,South,Time & Materials,Inspection Visit,10,875.12,8751.2,2024-04-18,Overdue,2024-04-18,2024-05-01,2024-04,13,False
ORD-1020,CUST-052,East,Equipment,Display Panel,6,904.3,5425.8,2024-09-21,Pending,2024-09-21,2024-09-23,2024-09,2,True
ORD-1021,CUST-064,South,Spare Parts,Control Board,1,1197.2,1197.2,2024-04-27,Overdue,2024-04-27,2024-05-01,2024-04,4,True
ORD-1022,CUST-002,North,Spare Parts,Pump Seal,2,1815.57,3631.14,2024-06-18,Billed,2024-06-18,2024-06-27,2024-06,9,False
ORD-1023,CUST-061,East,Equipment,Sensor Unit,9,308.01,2772.09,2024-10-19,Overdue,2024-10-19,2024-10-27,2024-10,8,False
ORD-1024,CUST-063,West,Equipment,Sensor Unit,2,239.02,478.04,2024-08-08,Pending,2024-08-08,2024-08-15,2024-08,7,True
ORD-1025,CUST-106,West,Spare Parts,Filter Unit,1,835.11,835.11,2024-06-22,Billed,2024-06-22,2024-06-26,2024-06,4,True
ORD-1026,CUST-050,South,Equipment,Sensor Unit,7,407.8,2854.6,2024-08-24,Billed,2024-08-24,2024-09-07,2024-08,14,False
ORD-1027,CUST-020,West,Spare Parts,Filter Unit,9,1680.25,15122.25,2024-02-17,Billed,2024-02-17,2024-02-20,2024-02,3,True
ORD-1028,CUST-105,West,Equipment,Sensor Unit,7,1809.76,12668.32,2024-03-25,Pending,2024-03-25,2024-03-26,2024-03,1,True
ORD-1029,CUST-100,East,Equipment,Motor Assembly,7,1408.35,9858.45,2024-10-11,Overdue,2024-10-11,2024-10-23,2024-10,12,False
ORD-1030,CUST-125,South,Service Contract,Premium Plan,4,1938.98,7755.92,2024-10-23,Overdue,2024-10-23,2024-11-01,2024-10,9,False
ORD-1031,CUST-016,East,Spare Parts,Filter Unit,10,979.74,9797.4,2024-09-28,Billed,2024-09-28,2024-09-29,2024-09,1,True
ORD-1032,CUST-131,North,Service Contract,Basic Plan,10,182.52,1825.2,2024-04-30,Pending,2024-04-30,2024-05-02,2024-04,2,True
ORD-1033,CUST-146,South,Spare Parts,Filter Unit,7,1331.88,9323.16,2024-10-16,Overdue,2024-10-16,2024-10-22,2024-10,6,True
ORD-1034,CUST-067,South,Time & Materials,On-site Repair,5,821.78,4108.9,2024-12-09,Overdue,2024-12-09,2024-12-14,2024-12,5,True
ORD-1035,CUST-118,East,Spare Parts,Filter Unit,8,1261.26,10090.08,2024-10-15,Billed,2024-10-15,2024-10-17,2024-10,2,True
ORD-1036,CUST-138,South,Time & Materials,On-site Repair,6,1767.69,10606.14,2024-05-05,Pending,2024-05-05,2024-05-10,2024-05,5,True
ORD-1037,CUST-041,West,Time & Materials,Inspection Visit,9,65.26,587.34,2024-10-10,Pending,2024-10-10,2024-10-21,2024-10,11,False
ORD-1038,CUST-027,South,Time & Materials,On-site Repair,2,1497.71,2995.42,2024-03-20,Pending,2024-03-20,2024-03-25,2024-03,5,True
ORD-1039,CUST-054,East,Service Contract,Enterprise Plan,5,1035.55,5177.75,2024-05-08,Billed,2024-05-08,2024-05-10,2024-05,2,True
ORD-1040,CUST-109,East,Spare Parts,Filter Unit,6,1553.68,9322.08,2024-11-22,Pending,2024-11-22,2024-11-25,2024-11,3,True
ORD-1041,CUST-114,West,Spare Parts,Filter Unit,2,1892.85,3785.7,2024-12-19,Billed,2024-12-19,2024-12-28,2024-12,9,False
ORD-1042,CUST-010,East,Service Contract,Premium Plan,3,131.57,394.71,2024-07-05,Billed,2024-07-05,2024-07-11,2024-07,6,True
ORD-1043,CUST-054,South,Spare Parts,Control Board,9,1774.06,15966.54,2024-07-27,Overdue,2024-07-27,2024-08-08,2024-07,12,False
ORD-1044,CUST-040,South,Service Contract,Basic Plan,7,98.33,688.31,2024-06-19,Pending,2024-06-19,2024-07-02,2024-06,13,False
ORD-1045,CUST-064,East,Service Contract,Enterprise Plan,2,795.96,1591.92,2024-01-20,Pending,2024-01-20,2024-01-24,2024-01,4,True
ORD-1046,CUST-052,West,Time & Materials,Remote Support,4,484.7,1938.8,2024-12-03,Billed,2024-12-03,2024-12-10,2024-12,7,True
ORD-1047,CUST-085,East,Spare Parts,Control Board,6,1300.89,7805.34,2024-07-23,Overdue,2024-07-23,2024-08-06,2024-07,14,False
ORD-1048,CUST-138,East,Spare Parts,Filter Unit,5,398.21,1991.05,2024-05-15,Billed,2024-05-15,2024-05-17,2024-05,2,True
ORD-1049,CUST-112,East,Time & Materials,Remote Support,10,1969.26,19692.6,2024-02-29,Pending,2024-02-29,2024-03-10,2024-02,10,False
ORD-1050,CUST-049,East,Spare Parts,Valve Kit,1,1063.84,1063.84,2024-10-02,Overdue,2024-10-02,2024-10-14,2024-10,12,False
ORD-1051,CUST-051,East,Equipment,Sensor Unit,6,1265.15,7590.9,2024-12-05,Billed,2024-12-05,2024-12-17,2024-12,12,False
ORD-1052,CUST-077,East,Equipment,Motor Assembly,7,1409.56,9866.92,2024-10-10,Billed,2024-10-10,2024-10-14,2024-10,4,True
ORD-1053,CUST-108,West,Service Contract,Enterprise Plan,10,636.85,6368.5,2024-10-07,Billed,2024-10-07,2024-10-12,2024-10,5,True
ORD-1054,CUST-074,South,Equipment,Display Panel,10,1326.68,13266.8,2024-08-26,Pending,2024-08-26,2024-09-03,2024-08,8,False
ORD-1055,CUST-055,West,Service Contract,Enterprise Plan,2,603.38,1206.76,2024-12-05,Overdue,2024-12-05,2024-12-15,2024-12,10,False
ORD-1056,CUST-086,North,Service Contract,Enterprise Plan,5,488.05,2440.25,2024-04-11,Billed,2024-04-11,2024-04-12,2024-04,1,True
ORD-1057,CUST-012,South,Equipment,Display Panel,2,938.06,1876.12,2024-11-18,Overdue,2024-11-18,2024-11-22,2024-11,4,True
ORD-1058,CUST-099,West,Equipment,Sensor Unit,3,1329.31,3987.93,2024-01-03,Billed,2024-01-03,2024-01-16,2024-01,13,False
ORD-1059,CUST-109,South,Service Contract,Enterprise Plan,9,955.87,8602.83,2024-10-12,Billed,2024-10-12,2024-10-26,2024-10,14,False
ORD-1060,CUST-032,West,Service Contract,Premium Plan,9,1976.39,17787.51,2024-10-31,Pending,2024-10-31,2024-11-13,2024-10,13,False
ORD-1061,CUST-114,West,Equipment,Sensor Unit,8,927.64,7421.12,2024-05-06,Overdue,2024-05-06,2024-05-11,2024-05,5,True
ORD-1062,CUST-134,West,Service Contract,Premium Plan,8,201.09,1608.72,2024-05-26,Billed,2024-05-26,2024-05-31,2024-05,5,True
ORD-1063,CUST-086,East,Spare Parts,Pump Seal,3,500.96,1502.88,2024-12-21,Billed,2024-12-21,2025-01-02,2024-12,12,False
ORD-1064,CUST-055,North,Equipment,Motor Assembly,6,1108.09,6648.54,2024-07-31,Billed,2024-07-31,2024-08-04,2024-07,4,True
ORD-1065,CUST-108,West,Spare Parts,Valve Kit,8,61.5,492.0,2024-06-29,Pending,2024-06-29,2024-07-12,2024-06,13,False
ORD-1066,CUST-100,West,Service Contract,Premium Plan,4,582.22,2328.88,2024-09-05,Billed,2024-09-05,2024-09-12,2024-09,7,True
ORD-1067,CUST-087,West,Service Contract,Premium Plan,3,1962.41,5887.23,2024-09-30,Billed,2024-09-30,2024-10-07,2024-09,7,True
ORD-1068,CUST-145,North,Spare Parts,Valve Kit,3,1740.36,5221.08,2024-04-03,Billed,2024-04-03,2024-04-08,2024-04,5,True
ORD-1069,CUST-098,East,Service Contract,Premium Plan,6,708.13,4248.78,2024-07-13,Pending,2024-07-13,2024-07-26,2024-07,13,False
ORD-1070,CUST-108,East,Spare Parts,Valve Kit,1,1510.6,1510.6,2024-01-27,Pending,2024-01-27,2024-01-31,2024-01,4,True
ORD-1071,CUST-018,North,Spare Parts,Pump Seal,4,1686.5,6746.0,2024-11-14,Billed,2024-11-14,2024-11-18,2024-11,4,True
ORD-1072,CUST-033,West,Spare Parts,Pump Seal,8,1413.96,11311.68,2024-07-07,Billed,2024-07-07,2024-07-17,2024-07,10,False
ORD-1073,CUST-030,South,Time & Materials,On-site Repair,10,100.07,1000.7,2024-06-08,Overdue,2024-06-08,2024-06-19,2024-06,11,False
ORD-1074,CUST-097,West,Service Contract,Basic Plan,10,1396.7,13967.0,2024-11-17,Billed,2024-11-17,2024-11-19,2024-11,2,True
ORD-1075,CUST-078,North,Spare Parts,Control Board,9,885.34,7968.06,2024-07-08,Billed,2024-07-08,2024-07-17,2024-07,9,False
ORD-1076,CUST-088,North,Equipment,Motor Assembly,2,895.37,1790.74,2024-07-04,Overdue,2024-07-04,2024-07-18,2024-07,14,False
ORD-1077,CUST-118,South,Equipment,Sensor Unit,9,1932.67,17394.03,2024-05-18,Overdue,2024-05-18,2024-05-31,2024-05,13,False
ORD-1078,CUST-138,West,Equipment,Motor Assembly,10,573.37,5733.7,2024-05-05,Billed,2024-05-05,2024-05-10,2024-05,5,True
ORD-1079,CUST-116,South,Equipment,Display Panel,10,1352.97,13529.7,2024-06-21,Billed,2024-06-21,2024-06-29,2024-06,8,False
ORD-1080,CUST-084,South,Equipment,Sensor Unit,6,1605.77,9634.62,2024-06-23,Pending,2024-06-23,2024-07-03,2024-06,10,False
ORD-1081,CUST-071,North,Service Contract,Basic Plan,4,1454.15,5816.6,2024-09-07,Overdue,2024-09-07,2024-09-20,2024-09,13,False
ORD-1082,CUST-062,West,Equipment,Motor Assembly,1,231.45,231.45,2024-04-23,Pending,2024-04-23,2024-05-05,2024-04,12,False
ORD-1083,CUST-063,East,Time & Materials,Remote Support,9,1085.3,9767.7,2024-08-05,Overdue,2024-08-05,2024-08-14,2024-08,9,False
ORD-1084,CUST-085,East,Equipment,Motor Assembly,5,540.24,2701.2,2024-03-02,Overdue,2024-03-02,2024-03-06,2024-03,4,True
ORD-1085,CUST-081,North,Service Contract,Basic Plan,4,1490.28,5961.12,2024-05-21,Overdue,2024-05-21,2024-05-31,2024-05,10,False
ORD-1086,CUST-135,East,Spare Parts,Pump Seal,5,493.59,2467.95,2024-04-01,Pending,2024-04-01,2024-04-02,2024-04,1,True
ORD-1087,CUST-137,South,Time & Materials,On-site Repair,1,1129.05,1129.05,2024-12-23,Billed,2024-12-23,2025-01-03,2024-12,11,False
ORD-1088,CUST-126,North,Spare Parts,Control Board,8,983.49,7867.92,2024-06-23,Billed,2024-06-23,2024-06-24,2024-06,1,True
ORD-1089,CUST-065,West,Spare Parts,Filter Unit,7,1008.91,7062.37,2024-10-22,Overdue,2024-10-22,2024-11-02,2024-10,11,False
ORD-1090,CUST-014,South,Service Contract,Enterprise Plan,5,216.1,1080.5,2024-05-07,Billed,2024-05-07,2024-05-16,2024-05,9,False
ORD-1091,CUST-107,South,Equipment,Motor Assembly,8,629.84,5038.72,2024-10-28,Pending,2024-10-28,2024-11-02,2024-10,5,True
ORD-1092,CUST-146,North,Spare Parts,Pump Seal,4,566.06,2264.24,2024-02-11,Billed,2024-02-11,2024-02-15,2024-02,4,True
ORD-1093,CUST-045,North,Service Contract,Basic Plan,7,928.48,6499.36,2024-10-31,Pending,2024-10-31,2024-11-05,2024-10,5,True
ORD-1094,CUST-009,South,Time & Materials,Inspection Visit,5,1420.83,7104.15,2024-08-20,Billed,2024-08-20,2024-08-31,2024-08,11,False
ORD-1095,CUST-060,East,Service Contract,Premium Plan,2,1111.9,2223.8,2024-11-27,Billed,2024-11-27,2024-12-02,2024-11,5,True
ORD-1096,CUST-037,North,Spare Parts,Pump Seal,5,1210.34,6051.7,2024-10-18,Pending,2024-10-18,2024-10-26,2024-10,8,False
ORD-1097,CUST-032,West,Time & Materials,Inspection Visit,7,1888.22,13217.54,2024-09-13,Overdue,2024-09-13,2024-09-21,2024-09,8,False
ORD-1098,CUST-113,North,Spare Parts,Valve Kit,6,1227.24,7363.44,2024-01-14,Billed,2024-01-14,2024-01-18,2024-01,4,True
ORD-1099,CUST-148,North,Time & Materials,Inspection Visit,1,1538.06,1538.06,2024-03-30,Pending,2024-03-30,2024-04-08,2024-03,9,False
ORD-1100,CUST-114,East,Service Contract,Enterprise Plan,7,1287.83,9014.81,2024-09-08,Billed,2024-09-08,2024-09-16,2024-09,8,False
ORD-1101,CUST-090,West,Time & Materials,Remote Support,2,1722.58,3445.16,2024-06-17,Pending,2024-06-17,2024-06-29,2024-06,12,False
ORD-1102,CUST-127,East,Equipment,Display Panel,1,936.91,936.91,2024-06-10,Pending,2024-06-10,2024-06-16,2024-06,6,True
ORD-1103,CUST-030,West,Spare Parts,Valve Kit,7,155.7,1089.9,2024-09-22,Pending,2024-09-22,2024-10-02,2024-09,10,False
ORD-1104,CUST-128,West,Spare Parts,Pump Seal,5,1120.98,5604.9,2024-05-27,Pending,2024-05-27,2024-06-08,2024-05,12,False
ORD-1105,CUST-125,North,Spare Parts,Pump Seal,3,655.96,1967.88,2024-01-08,Overdue,2024-01-08,2024-01-15,2024-01,7,True
ORD-1106,CUST-024,South,Spare Parts,Valve Kit,2,1313.03,2626.06,2024-03-19,Pending,2024-03-19,2024-03-31,2024-03,12,False
ORD-1107,CUST-075,East,Equipment,Motor Assembly,8,525.28,4202.24,2024-10-09,Billed,2024-10-09,2024-10-16,2024-10,7,True
ORD-1108,CUST-049,South,Spare Parts,Control Board,7,712.76,4989.32,2024-09-16,Pending,2024-09-16,2024-09-30,2024-09,14,False
ORD-1109,CUST-001,East,Time & Materials,Inspection Visit,10,1997.86,19978.6,2024-09-07,Billed,2024-09-07,2024-09-15,2024-09,8,False
ORD-1110,CUST-138,West,Time & Materials,Remote Support,9,1537.6,13838.4,2024-07-12,Pending,2024-07-12,2024-07-18,2024-07,6,True
ORD-1111,CUST-049,South,Equipment,Sensor Unit,7,135.11,945.77,2024-08-30,Overdue,2024-08-30,2024-09-12,2024-08,13,False
ORD-1112,CUST-098,West,Service Contract,Premium Plan,1,296.18,296.18,2024-10-29,Pending,2024-10-29,2024-11-12,2024-10,14,False
ORD-1113,CUST-026,West,Spare Parts,Valve Kit,1,1458.77,1458.77,2024-07-28,Overdue,2024-07-28,2024-07-31,2024-07,3,True
ORD-1114,CUST-020,West,Time & Materials,Remote Support,10,1400.77,14007.7,2024-11-28,Billed,2024-11-28,2024-12-12,2024-11,14,False
ORD-1115,CUST-085,West,Time & Materials,Inspection Visit,8,1751.15,14009.2,2024-01-19,Overdue,2024-01-19,2024-01-21,2024-01,2,True
ORD-1116,CUST-061,East,Service Contract,Enterprise Plan,2,896.24,1792.48,2024-02-20,Overdue,2024-02-20,2024-03-03,2024-02,12,False
ORD-1117,CUST-026,West,Service Contract,Enterprise Plan,5,1811.68,9058.4,2024-01-24,Pending,2024-01-24,2024-02-06,2024-01,13,False
ORD-1118,CUST-015,East,Time & Materials,Remote Support,7,333.86,2337.02,2024-09-28,Pending,2024-09-28,2024-10-08,2024-09,10,False
ORD-1119,CUST-047,South,Service Contract,Basic Plan,10,1748.14,17481.4,2024-11-13,Overdue,2024-11-13,2024-11-17,2024-11,4,True
ORD-1120,CUST-128,South,Service Contract,Premium Plan,5,946.16,4730.8,2024-12-07,Billed,2024-12-07,2024-12-20,2024-12,13,False
ORD-1121,CUST-120,East,Service Contract,Basic Plan,8,1893.21,15145.68,2024-10-27,Pending,2024-10-27,2024-11-07,2024-10,11,False
ORD-1122,CUST-109,East,Equipment,Motor Assembly,4,1998.78,7995.12,2024-09-04,Billed,2024-09-04,2024-09-08,2024-09,4,True
ORD-1123,CUST-098,East,Time & Materials,Inspection Visit,5,92.78,463.9,2024-12-03,Pending,2024-12-03,2024-12-08,2024-12,5,True
ORD-1124,CUST-003,North,Equipment,Motor Assembly,4,1233.78,4935.12,2024-06-29,Billed,2024-06-29,2024-07-10,2024-06,11,False
ORD-1125,CUST-049,East,Service Contract,Enterprise Plan,2,1811.64,3623.28,2024-11-26,Billed,2024-11-26,2024-12-01,2024-11,5,True
ORD-1126,CUST-113,North,Time & Materials,Inspection Visit,3,225.76,677.28,2024-05-31,Pending,2024-05-31,2024-06-12,2024-05,12,False
ORD-1127,CUST-107,South,Service Contract,Basic Plan,9,1759.1,15831.9,2024-07-06,Overdue,2024-07-06,2024-07-15,2024-07,9,False
ORD-1128,CUST-070,South,Time & Materials,Remote Support,5,1505.79,7528.95,2024-06-22,Billed,2024-06-22,2024-06-30,2024-06,8,False
ORD-1129,CUST-020,South,Service Contract,Enterprise Plan,7,1936.18,13553.26,2024-10-12,Pending,2024-10-12,2024-10-14,2024-10,2,True
ORD-1130,CUST-102,North,Time & Materials,Inspection Visit,2,936.83,1873.66,2024-12-10,Overdue,2024-12-10,2024-12-21,2024-12,11,False
ORD-1131,CUST-068,West,Time & Materials,On-site Repair,4,969.38,3877.52,2024-11-13,Overdue,2024-11-13,2024-11-19,2024-11,6,True
ORD-1132,CUST-057,North,Equipment,Display Panel,5,1316.02,6580.1,2024-02-29,Billed,2024-02-29,2024-03-01,2024-02,1,True
ORD-1133,CUST-010,East,Equipment,Sensor Unit,2,507.86,1015.72,2024-10-02,Billed,2024-10-02,2024-10-09,2024-10,7,True
ORD-1134,CUST-117,East,Equipment,Display Panel,3,1776.56,5329.68,2024-12-01,Billed,2024-12-01,2024-12-15,2024-12,14,False
ORD-1135,CUST-126,West,Time & Materials,On-site Repair,6,473.68,2842.08,2024-08-15,Billed,2024-08-15,2024-08-29,2024-08,14,False
ORD-1136,CUST-093,North,Time & Materials,Inspection Visit,6,168.07,1008.42,2024-05-21,Billed,2024-05-21,2024-05-23,2024-05,2,True
ORD-1137,CUST-117,North,Service Contract,Enterprise Plan,10,1943.63,19436.3,2024-01-26,Pending,2024-01-26,2024-01-30,2024-01,4,True
ORD-1138,CUST-033,South,Spare Parts,Pump Seal,10,471.11,4711.1,2024-04-29,Pending,2024-04-29,2024-05-12,2024-04,13,False
ORD-1139,CUST-038,North,Time & Materials,On-site Repair,3,1103.42,3310.26,2024-03-30,Billed,2024-03-30,2024-04-10,2024-03,11,False
ORD-1140,CUST-007,South,Spare Parts,Control Board,4,1198.26,4793.04,2024-01-09,Billed,2024-01-09,2024-01-14,2024-01,5,True
ORD-1141,CUST-014,South,Equipment,Display Panel,2,1504.05,3008.1,2024-08-31,Pending,2024-08-31,2024-09-13,2024-08,13,False
ORD-1142,CUST-093,North,Equipment,Display Panel,4,1893.56,7574.24,2024-01-23,Overdue,2024-01-23,2024-02-05,2024-01,13,False
ORD-1143,CUST-134,East,Equipment,Display Panel,1,168.61,168.61,2024-09-02,Pending,2024-09-02,2024-09-09,2024-09,7,True
ORD-1144,CUST-028,West,Equipment,Sensor Unit,2,678.12,1356.24,2024-03-16,Billed,2024-03-16,2024-03-19,2024-03,3,True
ORD-1145,CUST-071,East,Equipment,Display Panel,9,625.05,5625.45,2024-09-15,Overdue,2024-09-15,2024-09-22,2024-09,7,True
ORD-1146,CUST-026,North,Service Contract,Premium Plan,8,1781.78,14254.24,2024-07-30,Pending,2024-07-30,2024-08-13,2024-07,14,False
ORD-1147,CUST-117,West,Equipment,Display Panel,2,659.47,1318.94,2024-06-09,Overdue,2024-06-09,2024-06-14,2024-06,5,True
ORD-1148,CUST-096,South,Equipment,Sensor Unit,2,1671.96,3343.92,2024-02-17,Pending,2024-02-17,2024-02-19,2024-02,2,True
ORD-1149,CUST-096,South,Spare Parts,Control Board,2,851.08,1702.16,2024-12-06,Pending,2024-12-06,2024-12-20,2024-12,14,False
ORD-1150,CUST-014,East,Time & Materials,Remote Support,2,1176.94,2353.88,2024-04-18,Billed,2024-04-18,2024-04-29,2024-04,11,False
ORD-1151,CUST-124,South,Spare Parts,Control Board,9,766.74,6900.66,2024-05-22,Overdue,2024-05-22,2024-05-26,2024-05,4,True
ORD-1152,CUST-110,North,Time & Materials,On-site Repair,3,582.88,1748.64,2024-06-07,Pending,2024-06-07,2024-06-13,2024-06,6,True
ORD-1153,CUST-002,South,Service Contract,Enterprise Plan,7,185.69,1299.83,2024-11-20,Billed,2024-11-20,2024-11-22,2024-11,2,True
ORD-1154,CUST-136,South,Equipment,Motor Assembly,8,714.75,5718.0,2024-07-08,Pending,2024-07-08,2024-07-20,2024-07,12,False
ORD-1155,CUST-084,North,Spare Parts,Pump Seal,3,1521.15,4563.45,2024-01-26,Overdue,2024-01-26,2024-01-28,2024-01,2,True
ORD-1156,CUST-070,West,Equipment,Motor Assembly,10,911.99,9119.9,2024-05-19,Billed,2024-05-19,2024-06-01,2024-05,13,False
ORD-1157,CUST-132,North,Time & Materials,Remote Support,2,602.33,1204.66,2024-12-13,Overdue,2024-12-13,2024-12-21,2024-12,8,False
ORD-1158,CUST-135,East,Spare Parts,Pump Seal,7,1969.67,13787.69,2024-01-29,Billed,2024-01-29,2024-02-02,2024-01,4,True
ORD-1159,CUST-078,South,Service Contract,Premium Plan,5,689.84,3449.2,2024-01-04,Pending,2024-01-04,2024-01-16,2024-01,12,False
ORD-1160,CUST-111,South,Service Contract,Premium Plan,9,1422.16,12799.44,2024-09-13,Overdue,2024-09-13,2024-09-27,2024-09,14,False
ORD-1161,CUST-091,North,Equipment,Display Panel,1,900.63,900.63,2024-08-23,Billed,2024-08-23,2024-09-06,2024-08,14,False
ORD-1162,CUST-081,West,Equipment,Display Panel,7,614.55,4301.85,2024-07-26,Billed,2024-07-26,2024-08-01,2024-07,6,True
ORD-1163,CUST-044,West,Time & Materials,On-site Repair,7,1696.74,11877.18,2024-05-04,Pending,2024-05-04,2024-05-14,2024-05,10,False
ORD-1164,CUST-103,North,Equipment,Motor Assembly,6,482.07,2892.42,2024-03-27,Billed,2024-03-27,2024-04-05,2024-03,9,False
ORD-1165,CUST-030,South,Time & Materials,Remote Support,3,510.72,1532.16,2024-03-15,Pending,2024-03-15,2024-03-19,2024-03,4,True
ORD-1166,CUST-045,South,Spare Parts,Pump Seal,8,954.71,7637.68,2024-10-15,Overdue,2024-10-15,2024-10-23,2024-10,8,False
ORD-1167,CUST-145,East,Time & Materials,On-site Repair,8,183.16,1465.28,2024-08-14,Overdue,2024-08-14,2024-08-19,2024-08,5,True
ORD-1168,CUST-071,North,Time & Materials,Inspection Visit,2,655.3,1310.6,2024-08-19,Billed,2024-08-19,2024-08-20,2024-08,1,True
ORD-1169,CUST-095,East,Spare Parts,Filter Unit,10,1208.46,12084.6,2024-07-15,Pending,2024-07-15,2024-07-25,2024-07,10,False
ORD-1170,CUST-142,North,Equipment,Display Panel,4,676.98,2707.92,2024-08-31,Overdue,2024-08-31,2024-09-03,2024-08,3,True
ORD-1171,CUST-016,West,Spare Parts,Control Board,2,1033.87,2067.74,2024-03-29,Billed,2024-03-29,2024-04-02,2024-03,4,True
ORD-1172,CUST-113,West,Service Contract,Premium Plan,6,1839.98,11039.88,2024-07-17,Pending,2024-07-17,2024-07-30,2024-07,13,False
ORD-1173,CUST-087,North,Time & Materials,On-site Repair,6,234.29,1405.74,2024-12-13,Pending,2024-12-13,2024-12-18,2024-12,5,True
ORD-1174,CUST-065,South,Time & Materials,On-site Repair,10,1344.04,13440.4,2024-06-28,Pending,2024-06-28,2024-07-09,2024-06,11,False
ORD-1175,CUST-101,South,Spare Parts,Control Board,9,784.52,7060.68,2024-06-17,Billed,2024-06-17,2024-06-28,2024-06,11,False
ORD-1176,CUST-135,North,Equipment,Display Panel,6,85.55,513.3,2024-06-07,Billed,2024-06-07,2024-06-11,2024-06,4,True
ORD-1177,CUST-088,West,Service Contract,Basic Plan,3,352.14,1056.42,2024-05-31,Billed,2024-05-31,2024-06-09,2024-05,9,False
ORD-1178,CUST-139,North,Time & Materials,Inspection Visit,3,1214.63,3643.89,2024-03-19,Billed,2024-03-19,2024-03-22,2024-03,3,True
ORD-1179,CUST-043,West,Spare Parts,Valve Kit,6,1368.91,8213.46,2024-05-01,Pending,2024-05-01,2024-05-11,2024-05,10,False
ORD-1180,CUST-073,West,Service Contract,Enterprise Plan,4,653.46,2613.84,2024-08-28,Billed,2024-08-28,2024-09-03,2024-08,6,True
ORD-1181,CUST-147,West,Equipment,Motor Assembly,7,1030.67,7214.69,2024-08-02,Billed,2024-08-02,2024-08-16,2024-08,14,False
ORD-1182,CUST-052,South,Time & Materials,On-site Repair,8,1754.53,14036.24,2024-10-10,Billed,2024-10-10,2024-10-22,2024-10,12,False
ORD-1183,CUST-133,North,Time & Materials,On-site Repair,3,581.94,1745.82,2024-09-19,Billed,2024-09-19,2024-10-03,2024-09,14,False
ORD-1184,CUST-112,North,Service Contract,Premium Plan,6,1864.42,11186.52,2024-07-31,Billed,2024-07-31,2024-08-07,2024-07,7,True
ORD-1185,CUST-129,East,Service Contract,Premium Plan,2,781.08,1562.16,2024-01-15,Pending,2024-01-15,2024-01-17,2024-01,2,True
ORD-1186,CUST-086,South,Service Contract,Basic Plan,5,1838.92,9194.6,2024-08-29,Overdue,2024-08-29,2024-09-12,2024-08,14,False
ORD-1187,CUST-036,West,Equipment,Display Panel,1,1816.42,1816.42,2024-01-10,Pending,2024-01-10,2024-01-14,2024-01,4,True
ORD-1188,CUST-039,West,Spare Parts,Control Board,4,637.24,2548.96,2024-01-25,Billed,2024-01-25,2024-02-01,2024-01,7,True
ORD-1189,CUST-118,North,Spare Parts,Valve Kit,10,1095.3,10953.0,2024-11-19,Overdue,2024-11-19,2024-11-29,2024-11,10,False
ORD-1190,CUST-062,South,Time & Materials,Remote Support,1,1248.88,1248.88,2024-05-03,Overdue,2024-05-03,2024-05-10,2024-05,7,True
ORD-1191,CUST-048,North,Time & Materials,On-site Repair,9,1110.96,9998.64,2024-09-16,Overdue,2024-09-16,2024-09-17,2024-09,1,True
ORD-1192,CUST-100,West,Spare Parts,Valve Kit,6,544.62,3267.72,2024-01-09,Pending,2024-01-09,2024-01-22,2024-01,13,False
ORD-1193,CUST-018,East,Service Contract,Enterprise Plan,2,1554.43,3108.86,2024-06-19,Billed,2024-06-19,2024-06-20,2024-06,1,True
ORD-1194,CUST-091,East,Service Contract,Enterprise Plan,8,1962.6,15700.8,2024-09-02,Overdue,2024-09-02,2024-09-05,2024-09,3,True
ORD-1195,CUST-035,North,Equipment,Sensor Unit,5,443.1,2215.5,2024-04-12,Billed,2024-04-12,2024-04-18,2024-04,6,True
ORD-1196,CUST-080,West,Equipment,Motor Assembly,1,1518.92,1518.92,2024-04-07,Pending,2024-04-07,2024-04-13,2024-04,6,True
ORD-1197,CUST-013,East,Time & Materials,On-site Repair,6,902.06,5412.36,2024-07-23,Overdue,2024-07-23,2024-07-31,2024-07,8,False
ORD-1198,CUST-099,East,Service Contract,Premium Plan,8,766.33,6130.64,2024-09-22,Pending,2024-09-22,2024-10-05,2024-09,13,False
ORD-1199,CUST-022,West,Spare Parts,Valve Kit,10,1990.44,19904.4,2024-04-02,Overdue,2024-04-02,2024-04-07,2024-04,5,True
ORD-1200,CUST-083,North,Spare Parts,Control Board,5,647.67,3238.35,2024-11-04,Overdue,2024-11-04,2024-11-11,2024-11,7,True
ORD-1201,CUST-043,West,Time & Materials,Remote Support,1,1467.29,1467.29,2024-06-29,Overdue,2024-06-29,2024-07-06,2024-06,7,True
ORD-1202,CUST-071,North,Spare Parts,Valve Kit,6,1050.52,6303.12,2024-12-13,Billed,2024-12-13,2024-12-14,2024-12,1,True
ORD-1203,CUST-037,West,Spare Parts,Pump Seal,2,510.19,1020.38,2024-11-26,Pending,2024-11-26,2024-12-02,2024-11,6,True
ORD-1204,CUST-099,North,Service Contract,Enterprise Plan,8,1900.21,15201.68,2024-07-09,Pending,2024-07-09,2024-07-22,2024-07,13,False
ORD-1205,CUST-020,South,Time & Materials,Remote Support,6,1316.64,7899.84,2024-05-07,Billed,2024-05-07,2024-05-08,2024-05,1,True
ORD-1206,CUST-048,West,Equipment,Display Panel,2,560.46,1120.92,2024-05-13,Overdue,2024-05-13,2024-05-21,2024-05,8,False
ORD-1207,CUST-055,East,Equipment,Sensor Unit,2,314.67,629.34,2024-02-07,Pending,2024-02-07,2024-02-10,2024-02,3,True
ORD-1208,CUST-114,North,Time & Materials,Inspection Visit,6,1433.6,8601.6,2024-10-08,Overdue,2024-10-08,2024-10-13,2024-10,5,True
ORD-1209,CUST-077,South,Service Contract,Premium Plan,9,487.27,4385.43,2024-04-12,Billed,2024-04-12,2024-04-16,2024-04,4,True
ORD-1210,CUST-127,North,Time & Materials,Inspection Visit,10,769.38,7693.8,2024-10-09,Billed,2024-10-09,2024-10-19,2024-10,10,False
ORD-1211,CUST-023,North,Time & Materials,Remote Support,8,1075.11,8600.88,2024-07-28,Overdue,2024-07-28,2024-07-30,2024-07,2,True
ORD-1212,CUST-033,East,Spare Parts,Valve Kit,8,1376.21,11009.68,2024-06-25,Billed,2024-06-25,2024-07-09,2024-06,14,False
ORD-1213,CUST-142,South,Service Contract,Premium Plan,9,1825.89,16433.01,2024-01-29,Billed,2024-01-29,2024-02-07,2024-01,9,False
ORD-1214,CUST-040,East,Service Contract,Basic Plan,6,1872.74,11236.44,2024-04-25,Pending,2024-04-25,2024-05-04,2024-04,9,False
ORD-1215,CUST-073,North,Time & Materials,On-site Repair,9,585.18,5266.62,2024-11-16,Pending,2024-11-16,2024-11-26,2024-11,10,False
ORD-1216,CUST-137,North,Service Contract,Enterprise Plan,10,350.68,3506.8,2024-12-03,Overdue,2024-12-03,2024-12-15,2024-12,12,False
ORD-1217,CUST-087,North,Spare Parts,Filter Unit,1,1899.67,1899.67,2024-10-22,Pending,2024-10-22,2024-11-02,2024-10,11,False
ORD-1218,CUST-054,West,Spare Parts,Valve Kit,9,614.86,5533.74,2024-06-03,Pending,2024-06-03,2024-06-07,2024-06,4,True
ORD-1219,CUST-104,East,Equipment,Sensor Unit,1,358.26,358.26,2024-07-31,Pending,2024-07-31,2024-08-08,2024-07,8,False
ORD-1220,CUST-053,East,Service Contract,Premium Plan,6,1481.69,8890.14,2024-06-25,Pending,2024-06-25,2024-06-28,2024-06,3,True
ORD-1221,CUST-095,North,Time & Materials,On-site Repair,8,288.92,2311.36,2024-08-18,Billed,2024-08-18,2024-08-21,2024-08,3,True
ORD-1222,CUST-025,North,Time & Materials,Remote Support,10,865.36,8653.6,2024-03-22,Pending,2024-03-22,2024-04-01,2024-03,10,False
ORD-1223,CUST-081,South,Service Contract,Premium Plan,9,960.29,8642.61,2024-06-06,Pending,2024-06-06,2024-06-07,2024-06,1,True
ORD-1224,CUST-024,West,Equipment,Sensor Unit,4,1187.52,4750.08,2024-01-25,Billed,2024-01-25,2024-01-30,2024-01,5,True
ORD-1225,CUST-127,West,Time & Materials,Inspection Visit,1,1701.99,1701.99,2024-08-08,Billed,2024-08-08,2024-08-13,2024-08,5,True
ORD-1226,CUST-094,West,Time & Materials,On-site Repair,7,149.76,1048.32,2024-10-14,Billed,2024-10-14,2024-10-20,2024-10,6,True
ORD-1227,CUST-142,East,Spare Parts,Valve Kit,9,928.19,8353.71,2024-10-08,Pending,2024-10-08,2024-10-22,2024-10,14,False
ORD-1228,CUST-031,South,Spare Parts,Valve Kit,6,1600.05,9600.3,2024-06-22,Overdue,2024-06-22,2024-06-28,2024-06,6,True
ORD-1229,CUST-037,South,Equipment,Display Panel,1,138.34,138.34,2024-03-11,Overdue,2024-03-11,2024-03-17,2024-03,6,True
ORD-1230,CUST-122,West,Service Contract,Enterprise Plan,9,322.57,2903.13,2024-11-09,Pending,2024-11-09,2024-11-12,2024-11,3,True
ORD-1231,CUST-101,East,Time & Materials,Inspection Visit,9,1088.06,9792.54,2024-12-28,Overdue,2024-12-28,2025-01-02,2024-12,5,True
ORD-1232,CUST-122,North,Time & Materials,Remote Support,2,1960.8,3921.6,2024-10-25,Pending,2024-10-25,2024-11-07,2024-10,13,False
ORD-1233,CUST-007,West,Time & Materials,Inspection Visit,10,1176.39,11763.9,2024-01-27,Overdue,2024-01-27,2024-02-04,2024-01,8,False
ORD-1234,CUST-044,West,Service Contract,Enterprise Plan,4,111.56,446.24,2024-12-24,Billed,2024-12-24,2024-12-28,2024-12,4,True
ORD-1235,CUST-005,West,Time & Materials,Remote Support,3,855.27,2565.81,2024-04-14,Pending,2024-04-14,2024-04-23,2024-04,9,False
ORD-1236,CUST-121,North,Service Contract,Enterprise Plan,4,1143.73,4574.92,2024-12-05,Pending,2024-12-05,2024-12-14,2024-12,9,False
ORD-1237,CUST-097,East,Service Contract,Premium Plan,9,717.54,6457.86,2024-06-30,Overdue,2024-06-30,2024-07-13,2024-06,13,False
ORD-1238,CUST-068,West,Service Contract,Basic Plan,5,1138.27,5691.35,2024-04-25,Pending,2024-04-25,2024-05-08,2024-04,13,False
ORD-1239,CUST-074,South,Equipment,Motor Assembly,8,730.17,5841.36,2024-05-20,Pending,2024-05-20,2024-05-22,2024-05,2,True
ORD-1240,CUST-147,West,Equipment,Motor Assembly,3,616.38,1849.14,2024-05-27,Overdue,2024-05-27,2024-05-29,2024-05,2,True
ORD-1241,CUST-089,West,Time & Materials,Inspection Visit,8,467.27,3738.16,2024-10-02,Pending,2024-10-02,2024-10-11,2024-10,9,False
ORD-1242,CUST-070,South,Spare Parts,Pump Seal,4,148.99,595.96,2024-09-28,Billed,2024-09-28,2024-10-09,2024-09,11,False
ORD-1243,CUST-060,North,Spare Parts,Valve Kit,6,1448.85,8693.1,2024-02-21,Overdue,2024-02-21,2024-03-05,2024-02,13,False
ORD-1244,CUST-036,North,Service Contract,Premium Plan,8,981.02,7848.16,2024-04-12,Pending,2024-04-12,2024-04-18,2024-04,6,True
ORD-1245,CUST-074,North,Spare Parts,Pump Seal,9,1490.44,13413.96,2024-01-20,Billed,2024-01-20,2024-01-27,2024-01,7,True
ORD-1246,CUST-046,North,Equipment,Motor Assembly,3,1876.39,5629.17,2024-05-28,Billed,2024-05-28,2024-05-29,2024-05,1,True
ORD-1247,CUST-077,North,Time & Materials,Remote Support,8,1978.74,15829.92,2024-10-05,Overdue,2024-10-05,2024-10-13,2024-10,8,False
ORD-1248,CUST-035,West,Time & Materials,On-site Repair,2,694.83,1389.66,2024-08-22,Overdue,2024-08-22,2024-08-27,2024-08,5,True
ORD-1249,CUST-048,North,Time & Materials,Remote Support,10,1365.08,13650.8,2024-04-08,Billed,2024-04-08,2024-04-18,2024-04,10,False
ORD-1250,CUST-104,West,Time & Materials,On-site Repair,7,1355.05,9485.35,2024-04-04,Billed,2024-04-04,2024-04-12,2024-04,8,False
ORD-1251,CUST-083,South,Spare Parts,Control Board,7,509.27,3564.89,2024-05-16,Pending,2024-05-16,2024-05-21,2024-05,5,True
ORD-1252,CUST-150,North,Time & Materials,Inspection Visit,6,1400.9,8405.4,2024-02-01,Overdue,2024-02-01,2024-02-03,2024-02,2,True
ORD-1253,CUST-120,East,Service Contract,Premium Plan,9,1850.06,16650.54,2024-12-26,Pending,2024-12-26,2025-01-07,2024-12,12,False
ORD-1254,CUST-031,East,Time & Materials,Inspection Visit,4,477.3,1909.2,2024-03-09,Pending,2024-03-09,2024-03-12,2024-03,3,True
ORD-1255,CUST-117,East,Equipment,Display Panel,9,1829.95,16469.55,2024-10-02,Overdue,2024-10-02,2024-10-16,2024-10,14,False
ORD-1256,CUST-056,South,Spare Parts,Valve Kit,9,1422.34,12801.06,2024-02-09,Overdue,2024-02-09,2024-02-11,2024-02,2,True
ORD-1257,CUST-016,South,Service Contract,Basic Plan,6,1716.25,10297.5,2024-08-14,Billed,2024-08-14,2024-08-25,2024-08,11,False
ORD-1258,CUST-053,West,Spare Parts,Valve Kit,1,934.19,934.19,2024-09-19,Pending,2024-09-19,2024-09-27,2024-09,8,False
ORD-1259,CUST-145,North,Equipment,Display Panel,5,1460.4,7302.0,2024-07-21,Pending,2024-07-21,2024-08-04,2024-07,14,False
ORD-1260,CUST-001,South,Spare Parts,Filter Unit,7,721.83,5052.81,2024-02-02,Overdue,2024-02-02,2024-02-03,2024-02,1,True
ORD-1261,CUST-018,West,Spare Parts,Control Board,7,400.96,2806.72,2024-03-10,Overdue,2024-03-10,2024-03-22,2024-03,12,False
ORD-1262,CUST-108,East,Equipment,Motor Assembly,7,782.51,5477.57,2024-12-15,Overdue,2024-12-15,2024-12-29,2024-12,14,False
ORD-1263,CUST-139,South,Time & Materials,On-site Repair,3,1986.05,5958.15,2024-07-20,Overdue,2024-07-20,2024-07-23,2024-07,3,True
ORD-1264,CUST-058,North,Spare Parts,Control Board,8,1363.32,10906.56,2024-10-05,Pending,2024-10-05,2024-10-14,2024-10,9,False
ORD-1265,CUST-098,South,Service Contract,Premium Plan,6,352.49,2114.94,2024-04-06,Overdue,2024-04-06,2024-04-19,2024-04,13,False
ORD-1266,CUST-029,North,Equipment,Display Panel,1,519.3,519.3,2024-02-04,Billed,2024-02-04,2024-02-14,2024-02,10,False
ORD-1267,CUST-009,West,Spare Parts,Pump Seal,1,834.42,834.42,2024-04-29,Overdue,2024-04-29,2024-05-03,2024-04,4,True
ORD-1268,CUST-015,South,Time & Materials,On-site Repair,10,671.86,6718.6,2024-11-02,Overdue,2024-11-02,2024-11-16,2024-11,14,False
ORD-1269,CUST-083,South,Time & Materials,On-site Repair,9,481.03,4329.27,2024-06-02,Pending,2024-06-02,2024-06-03,2024-06,1,True
ORD-1270,CUST-143,South,Equipment,Display Panel,8,141.42,1131.36,2024-06-25,Overdue,2024-06-25,2024-07-06,2024-06,11,False
ORD-1271,CUST-098,East,Equipment,Motor Assembly,3,634.78,1904.34,2024-04-04,Overdue,2024-04-04,2024-04-12,2024-04,8,False
ORD-1272,CUST-062,South,Time & Materials,Inspection Visit,3,1621.26,4863.78,2024-01-30,Overdue,2024-01-30,2024-02-06,2024-01,7,True
ORD-1273,CUST-107,South,Equipment,Sensor Unit,5,446.51,2232.55,2024-11-27,Billed,2024-11-27,2024-12-05,2024-11,8,False
ORD-1274,CUST-095,North,Service Contract,Basic Plan,5,785.48,3927.4,2024-11-05,Overdue,2024-11-05,2024-11-06,2024-11,1,True
ORD-1275,CUST-019,South,Service Contract,Premium Plan,4,1745.47,6981.88,2024-06-19,Pending,2024-06-19,2024-06-20,2024-06,1,True
ORD-1276,CUST-055,South,Spare Parts,Valve Kit,4,1406.47,5625.88,2024-12-26,Billed,2024-12-26,2025-01-02,2024-12,7,True
ORD-1277,CUST-062,East,Time & Materials,Remote Support,8,1090.62,8724.96,2024-07-02,Pending,2024-07-02,2024-07-07,2024-07,5,True
ORD-1278,CUST-093,West,Equipment,Sensor Unit,8,1535.18,12281.44,2024-06-12,Billed,2024-06-12,2024-06-18,2024-06,6,True
ORD-1279,CUST-081,West,Spare Parts,Pump Seal,3,81.63,244.89,2024-10-10,Overdue,2024-10-10,2024-10-20,2024-10,10,False
ORD-1280,CUST-107,East,Service Contract,Basic Plan,6,498.54,2991.24,2024-10-18,Billed,2024-10-18,2024-10-26,2024-10,8,False
ORD-1281,CUST-141,East,Time & Materials,Remote Support,8,948.62,7588.96,2024-06-29,Billed,2024-06-29,2024-07-02,2024-06,3,True
ORD-1282,CUST-140,West,Service Contract,Enterprise Plan,1,1071.69,1071.69,2024-02-08,Overdue,2024-02-08,2024-02-09,2024-02,1,True
ORD-1283,CUST-002,West,Service Contract,Enterprise Plan,4,182.54,730.16,2024-03-18,Billed,2024-03-18,2024-03-22,2024-03,4,True
ORD-1284,CUST-130,West,Time & Materials,On-site Repair,10,1293.57,12935.7,2024-11-11,Pending,2024-11-11,2024-11-22,2024-11,11,False
ORD-1285,CUST-125,North,Spare Parts,Valve Kit,1,82.62,82.62,2024-05-20,Overdue,2024-05-20,2024-05-25,2024-05,5,True
ORD-1286,CUST-005,West,Service Contract,Basic Plan,2,1072.55,2145.1,2024-05-03,Billed,2024-05-03,2024-05-13,2024-05,10,False
ORD-1287,CUST-135,East,Time & Materials,Remote Support,7,204.09,1428.63,2024-07-26,Pending,2024-07-26,2024-08-05,2024-07,10,False
ORD-1288,CUST-063,South,Time & Materials,Inspection Visit,2,1324.78,2649.56,2024-11-28,Billed,2024-11-28,2024-11-30,2024-11,2,True
ORD-1289,CUST-104,West,Equipment,Display Panel,8,159.42,1275.36,2024-01-05,Overdue,2024-01-05,2024-01-08,2024-01,3,True
ORD-1290,CUST-022,West,Equipment,Display Panel,6,1153.42,6920.52,2024-02-18,Overdue,2024-02-18,2024-02-19,2024-02,1,True
ORD-1291,CUST-059,South,Equipment,Motor Assembly,1,1852.11,1852.11,2024-12-16,Pending,2024-12-16,2024-12-25,2024-12,9,False
ORD-1292,CUST-145,North,Service Contract,Premium Plan,1,1924.86,1924.86,2024-10-27,Billed,2024-10-27,2024-11-09,2024-10,13,False
ORD-1293,CUST-102,North,Time & Materials,On-site Repair,10,518.92,5189.2,2024-07-18,Overdue,2024-07-18,2024-07-27,2024-07,9,False
ORD-1294,CUST-085,West,Service Contract,Enterprise Plan,2,1026.55,2053.1,2024-06-26,Billed,2024-06-26,2024-06-28,2024-06,2,True
ORD-1295,CUST-112,South,Spare Parts,Control Board,10,1549.56,15495.6,2024-10-31,Pending,2024-10-31,2024-11-13,2024-10,13,False
ORD-1296,CUST-084,North,Time & Materials,Remote Support,8,494.87,3958.96,2024-10-10,Pending,2024-10-10,2024-10-17,2024-10,7,True
ORD-1297,CUST-048,West,Spare Parts,Control Board,4,1440.56,5762.24,2024-02-12,Pending,2024-02-12,2024-02-15,2024-02,3,True
ORD-1298,CUST-098,South,Equipment,Motor Assembly,6,257.77,1546.62,2024-01-03,Pending,2024-01-03,2024-01-11,2024-01,8,False
ORD-1299,CUST-093,East,Spare Parts,Pump Seal,2,415.41,830.82,2024-08-17,Overdue,2024-08-17,2024-08-26,2024-08,9,False
ORD-1300,CUST-132,West,Spare Parts,Filter Unit,2,740.13,1480.26,2024-02-17,Overdue,2024-02-17,2024-02-27,2024-02,10,False
ORD-1301,CUST-084,West,Spare Parts,Control Board,7,806.21,5643.47,2024-02-13,Overdue,2024-02-13,2024-02-22,2024-02,9,False
ORD-1302,CUST-063,South,Equipment,Sensor Unit,3,574.39,1723.17,2024-05-17,Pending,2024-05-17,2024-05-20,2024-05,3,True
ORD-1303,CUST-017,South,Equipment,Motor Assembly,7,634.52,4441.64,2024-02-09,Pending,2024-02-09,2024-02-14,2024-02,5,True
ORD-1304,CUST-064,West,Service Contract,Premium Plan,2,314.2,628.4,2024-01-04,Pending,2024-01-04,2024-01-10,2024-01,6,True
ORD-1305,CUST-098,East,Equipment,Motor Assembly,7,1640.18,11481.26,2024-11-29,Overdue,2024-11-29,2024-12-02,2024-11,3,True
ORD-1306,CUST-077,East,Service Contract,Premium Plan,6,396.39,2378.34,2024-07-22,Pending,2024-07-22,2024-07-27,2024-07,5,True
ORD-1307,CUST-126,South,Time & Materials,Remote Support,5,1642.16,8210.8,2024-07-20,Pending,2024-07-20,2024-07-22,2024-07,2,True
ORD-1308,CUST-145,South,Service Contract,Enterprise Plan,9,102.49,922.41,2024-08-24,Overdue,2024-08-24,2024-08-28,2024-08,4,True
ORD-1309,CUST-113,East,Spare Parts,Valve Kit,8,321.4,2571.2,2024-06-04,Billed,2024-06-04,2024-06-09,2024-06,5,True
ORD-1310,CUST-040,West,Equipment,Sensor Unit,8,1981.87,15854.96,2024-09-02,Overdue,2024-09-02,2024-09-09,2024-09,7,True
ORD-1311,CUST-137,West,Spare Parts,Control Board,9,1207.95,10871.55,2024-02-13,Billed,2024-02-13,2024-02-26,2024-02,13,False
ORD-1312,CUST-064,East,Service Contract,Enterprise Plan,10,136.38,1363.8,2024-11-26,Overdue,2024-11-26,2024-12-07,2024-11,11,False
ORD-1313,CUST-103,East,Equipment,Sensor Unit,1,242.28,242.28,2024-04-23,Overdue,2024-04-23,2024-05-05,2024-04,12,False
ORD-1314,CUST-133,South,Equipment,Motor Assembly,7,952.97,6670.79,2024-12-13,Overdue,2024-12-13,2024-12-25,2024-12,12,False
ORD-1315,CUST-129,South,Time & Materials,On-site Repair,8,253.87,2030.96,2024-07-31,Billed,2024-07-31,2024-08-02,2024-07,2,True
ORD-1316,CUST-037,East,Time & Materials,Remote Support,8,1579.33,12634.64,2024-09-23,Pending,2024-09-23,2024-09-29,2024-09,6,True
ORD-1317,CUST-122,North,Equipment,Display Panel,8,671.87,5374.96,2024-06-02,Billed,2024-06-02,2024-06-15,2024-06,13,False
ORD-1318,CUST-030,North,Time & Materials,Inspection Visit,2,1370.42,2740.84,2024-03-25,Overdue,2024-03-25,2024-03-29,2024-03,4,True
ORD-1319,CUST-133,South,Service Contract,Premium Plan,9,881.42,7932.78,2024-08-24,Billed,2024-08-24,2024-09-06,2024-08,13,False
ORD-1320,CUST-104,South,Service Contract,Enterprise Plan,7,821.39,5749.73,2024-11-10,Billed,2024-11-10,2024-11-18,2024-11,8,False
ORD-1321,CUST-110,West,Spare Parts,Pump Seal,4,592.77,2371.08,2024-12-26,Billed,2024-12-26,2025-01-05,2024-12,10,False
ORD-1322,CUST-027,South,Time & Materials,Remote Support,4,942.22,3768.88,2024-05-14,Overdue,2024-05-14,2024-05-28,2024-05,14,False
ORD-1323,CUST-126,East,Equipment,Display Panel,7,1194.66,8362.62,2024-06-27,Pending,2024-06-27,2024-07-11,2024-06,14,False
ORD-1324,CUST-118,South,Time & Materials,Inspection Visit,10,215.27,2152.7,2024-03-09,Pending,2024-03-09,2024-03-11,2024-03,2,True
ORD-1325,CUST-062,East,Spare Parts,Pump Seal,6,1402.2,8413.2,2024-09-18,Pending,2024-09-18,2024-09-25,2024-09,7,True
ORD-1326,CUST-036,West,Equipment,Sensor Unit,8,1289.23,10313.84,2024-12-21,Overdue,2024-12-21,2024-12-24,2024-12,3,True
ORD-1327,CUST-143,South,Equipment,Motor Assembly,3,414.84,1244.52,2024-08-18,Overdue,2024-08-18,2024-08-19,2024-08,1,True
ORD-1328,CUST-092,North,Equipment,Sensor Unit,4,1639.67,6558.68,2024-10-14,Overdue,2024-10-14,2024-10-25,2024-10,11,False
ORD-1329,CUST-127,West,Equipment,Motor Assembly,8,1002.96,8023.68,2024-02-12,Overdue,2024-02-12,2024-02-13,2024-02,1,True
ORD-1330,CUST-057,East,Spare Parts,Control Board,4,1098.34,4393.36,2024-03-27,Pending,2024-03-27,2024-04-06,2024-03,10,False
ORD-1331,CUST-127,North,Spare Parts,Control Board,9,1655.4,14898.6,2024-07-06,Overdue,2024-07-06,2024-07-20,2024-07,14,False
ORD-1332,CUST-011,West,Service Contract,Premium Plan,2,1485.18,2970.36,2024-11-30,Billed,2024-11-30,2024-12-05,2024-11,5,True
ORD-1333,CUST-009,West,Time & Materials,Remote Support,2,906.19,1812.38,2024-03-01,Billed,2024-03-01,2024-03-05,2024-03,4,True
ORD-1334,CUST-090,West,Service Contract,Enterprise Plan,3,1580.46,4741.38,2024-04-15,Billed,2024-04-15,2024-04-25,2024-04,10,False
ORD-1335,CUST-090,East,Service Contract,Premium Plan,5,614.2,3071.0,2024-05-16,Overdue,2024-05-16,2024-05-27,2024-05,11,False
ORD-1336,CUST-025,South,Equipment,Sensor Unit,5,1740.74,8703.7,2024-03-05,Overdue,2024-03-05,2024-03-19,2024-03,14,False
ORD-1337,CUST-034,South,Service Contract,Enterprise Plan,6,1665.54,9993.24,2024-12-12,Pending,2024-12-12,2024-12-20,2024-12,8,False
ORD-1338,CUST-037,East,Equipment,Motor Assembly,8,197.26,1578.08,2024-02-17,Pending,2024-02-17,2024-02-26,2024-02,9,False
ORD-1339,CUST-072,East,Equipment,Motor Assembly,6,1184.81,7108.86,2024-02-17,Overdue,2024-02-17,2024-02-25,2024-02,8,False
ORD-1340,CUST-092,North,Equipment,Sensor Unit,7,1658.45,11609.15,2024-09-10,Pending,2024-09-10,2024-09-16,2024-09,6,True
ORD-1341,CUST-073,East,Service Contract,Enterprise Plan,8,1587.19,12697.52,2024-12-15,Billed,2024-12-15,2024-12-16,2024-12,1,True
ORD-1342,CUST-026,West,Spare Parts,Filter Unit,3,910.51,2731.53,2024-01-01,Pending,2024-01-01,2024-01-05,2024-01,4,True
ORD-1343,CUST-034,East,Service Contract,Premium Plan,2,1326.45,2652.9,2024-05-08,Billed,2024-05-08,2024-05-14,2024-05,6,True
ORD-1344,CUST-043,North,Equipment,Display Panel,5,1465.68,7328.4,2024-04-29,Pending,2024-04-29,2024-05-10,2024-04,11,False
ORD-1345,CUST-024,North,Spare Parts,Pump Seal,8,201.98,1615.84,2024-10-30,Billed,2024-10-30,2024-11-08,2024-10,9,False
ORD-1346,CUST-114,North,Spare Parts,Control Board,2,1976.9,3953.8,2024-08-04,Overdue,2024-08-04,2024-08-07,2024-08,3,True
ORD-1347,CUST-123,North,Service Contract,Premium Plan,2,1474.99,2949.98,2024-02-22,Billed,2024-02-22,2024-02-28,2024-02,6,True
ORD-1348,CUST-095,East,Service Contract,Premium Plan,3,1301.07,3903.21,2024-12-12,Billed,2024-12-12,2024-12-14,2024-12,2,True
ORD-1349,CUST-136,North,Service Contract,Premium Plan,6,1458.74,8752.44,2024-11-17,Overdue,2024-11-17,2024-11-20,2024-11,3,True
ORD-1350,CUST-106,West,Service Contract,Basic Plan,2,323.03,646.06,2024-03-04,Overdue,2024-03-04,2024-03-16,2024-03,12,False
ORD-1351,CUST-099,East,Equipment,Motor Assembly,3,533.18,1599.54,2024-11-26,Billed,2024-11-26,2024-11-30,2024-11,4,True
ORD-1352,CUST-142,East,Spare Parts,Control Board,4,1059.61,4238.44,2024-09-17,Billed,2024-09-17,2024-09-29,2024-09,12,False
ORD-1353,CUST-101,East,Spare Parts,Pump Seal,8,802.48,6419.84,2024-05-03,Pending,2024-05-03,2024-05-14,2024-05,11,False
ORD-1354,CUST-019,North,Time & Materials,Remote Support,3,804.33,2412.99,2024-10-18,Pending,2024-10-18,2024-10-24,2024-10,6,True
ORD-1355,CUST-140,South,Equipment,Sensor Unit,1,1195.36,1195.36,2024-01-08,Pending,2024-01-08,2024-01-12,2024-01,4,True
ORD-1356,CUST-011,North,Equipment,Display Panel,5,1275.71,6378.55,2024-09-13,Pending,2024-09-13,2024-09-20,2024-09,7,True
ORD-1357,CUST-103,North,Service Contract,Premium Plan,2,654.32,1308.64,2024-09-18,Billed,2024-09-18,2024-10-01,2024-09,13,False
ORD-1358,CUST-040,East,Equipment,Display Panel,2,654.83,1309.66,2024-08-11,Overdue,2024-08-11,2024-08-25,2024-08,14,False
ORD-1359,CUST-062,North,Service Contract,Basic Plan,7,276.17,1933.19,2024-11-09,Overdue,2024-11-09,2024-11-10,2024-11,1,True
ORD-1360,CUST-080,South,Spare Parts,Filter Unit,3,1417.92,4253.76,2024-03-24,Pending,2024-03-24,2024-03-30,2024-03,6,True
ORD-1361,CUST-134,East,Service Contract,Premium Plan,3,1512.06,4536.18,2024-05-17,Overdue,2024-05-17,2024-05-19,2024-05,2,True
ORD-1362,CUST-008,East,Equipment,Motor Assembly,9,174.55,1570.95,2024-12-30,Overdue,2024-12-30,2025-01-10,2024-12,11,False
ORD-1363,CUST-020,West,Equipment,Display Panel,6,158.11,948.66,2024-10-17,Billed,2024-10-17,2024-10-23,2024-10,6,True
ORD-1364,CUST-041,East,Spare Parts,Filter Unit,4,1494.52,5978.08,2024-01-02,Billed,2024-01-02,2024-01-16,2024-01,14,False
ORD-1365,CUST-004,South,Spare Parts,Valve Kit,6,796.81,4780.86,2024-03-17,Billed,2024-03-17,2024-03-31,2024-03,14,False
ORD-1366,CUST-010,West,Service Contract,Premium Plan,4,861.7,3446.8,2024-06-12,Pending,2024-06-12,2024-06-26,2024-06,14,False
ORD-1367,CUST-020,East,Spare Parts,Filter Unit,3,485.21,1455.63,2024-09-21,Billed,2024-09-21,2024-09-28,2024-09,7,True
ORD-1368,CUST-018,West,Time & Materials,Remote Support,6,218.45,1310.7,2024-08-21,Billed,2024-08-21,2024-08-27,2024-08,6,True
ORD-1369,CUST-052,East,Time & Materials,Inspection Visit,10,523.04,5230.4,2024-07-07,Overdue,2024-07-07,2024-07-15,2024-07,8,False
ORD-1370,CUST-051,South,Service Contract,Basic Plan,7,96.62,676.34,2024-10-04,Pending,2024-10-04,2024-10-15,2024-10,11,False
ORD-1371,CUST-003,East,Spare Parts,Valve Kit,5,252.7,1263.5,2024-09-28,Billed,2024-09-28,2024-10-05,2024-09,7,True
ORD-1372,CUST-126,North,Service Contract,Enterprise Plan,5,231.4,1157.0,2024-04-28,Overdue,2024-04-28,2024-05-05,2024-04,7,True
ORD-1373,CUST-096,West,Spare Parts,Filter Unit,9,310.35,2793.15,2024-07-20,Billed,2024-07-20,2024-07-30,2024-07,10,False
ORD-1374,CUST-146,North,Equipment,Display Panel,3,511.7,1535.1,2024-05-13,Pending,2024-05-13,2024-05-26,2024-05,13,False
ORD-1375,CUST-101,East,Time & Materials,Remote Support,5,505.54,2527.7,2024-04-13,Billed,2024-04-13,2024-04-26,2024-04,13,False
ORD-1376,CUST-150,North,Service Contract,Basic Plan,3,926.66,2779.98,2024-06-09,Pending,2024-06-09,2024-06-11,2024-06,2,True
ORD-1377,CUST-138,East,Service Contract,Premium Plan,5,953.53,4767.65,2024-03-02,Billed,2024-03-02,2024-03-05,2024-03,3,True
ORD-1378,CUST-078,North,Service Contract,Premium Plan,3,227.87,683.61,2024-05-07,Pending,2024-05-07,2024-05-14,2024-05,7,True
ORD-1379,CUST-132,North,Time & Materials,Remote Support,3,110.61,331.83,2024-07-26,Pending,2024-07-26,2024-08-04,2024-07,9,False
ORD-1380,CUST-141,South,Spare Parts,Valve Kit,2,1617.6,3235.2,2024-03-12,Billed,2024-03-12,2024-03-13,2024-03,1,True
ORD-1381,CUST-016,South,Service Contract,Basic Plan,7,775.87,5431.09,2024-11-18,Overdue,2024-11-18,2024-11-20,2024-11,2,True
ORD-1382,CUST-150,East,Spare Parts,Filter Unit,2,435.61,871.22,2024-11-26,Pending,2024-11-26,2024-12-09,2024-11,13,False
ORD-1383,CUST-033,North,Time & Materials,On-site Repair,1,1887.45,1887.45,2024-01-26,Billed,2024-01-26,2024-02-05,2024-01,10,False
ORD-1384,CUST-111,West,Equipment,Sensor Unit,7,1382.27,9675.89,2024-03-29,Pending,2024-03-29,2024-04-02,2024-03,4,True
ORD-1385,CUST-048,East,Time & Materials,Remote Support,3,117.57,352.71,2024-11-13,Overdue,2024-11-13,2024-11-17,2024-11,4,True
ORD-1386,CUST-076,West,Equipment,Display Panel,8,168.91,1351.28,2024-05-23,Pending,2024-05-23,2024-05-26,2024-05,3,True
ORD-1387,CUST-108,South,Service Contract,Enterprise Plan,9,1599.95,14399.55,2024-07-14,Overdue,2024-07-14,2024-07-20,2024-07,6,True
ORD-1388,CUST-123,West,Time & Materials,Inspection Visit,9,677.13,6094.17,2024-05-18,Billed,2024-05-18,2024-05-19,2024-05,1,True
ORD-1389,CUST-082,South,Spare Parts,Control Board,1,1626.88,1626.88,2024-08-29,Overdue,2024-08-29,2024-09-04,2024-08,6,True
ORD-1390,CUST-150,South,Service Contract,Basic Plan,4,1330.89,5323.56,2024-05-16,Overdue,2024-05-16,2024-05-30,2024-05,14,False
ORD-1391,CUST-015,South,Equipment,Motor Assembly,3,393.4,1180.2,2024-10-30,Pending,2024-10-30,2024-11-12,2024-10,13,False
ORD-1392,CUST-092,North,Time & Materials,Inspection Visit,10,327.1,3271.0,2024-04-06,Pending,2024-04-06,2024-04-15,2024-04,9,False
ORD-1393,CUST-080,South,Equipment,Sensor Unit,2,159.53,319.06,2024-11-04,Billed,2024-11-04,2024-11-05,2024-11,1,True
ORD-1394,CUST-135,West,Spare Parts,Control Board,10,442.86,4428.6,2024-03-07,Pending,2024-03-07,2024-03-19,2024-03,12,False
ORD-1395,CUST-046,East,Spare Parts,Filter Unit,3,1193.89,3581.67,2024-03-13,Billed,2024-03-13,2024-03-27,2024-03,14,False
ORD-1396,CUST-135,East,Spare Parts,Control Board,7,1192.73,8349.11,2024-06-21,Pending,2024-06-21,2024-06-27,2024-06,6,True
ORD-1397,CUST-035,South,Equipment,Display Panel,8,1315.9,10527.2,2024-03-30,Overdue,2024-03-30,2024-04-08,2024-03,9,False
ORD-1398,CUST-092,South,Service Contract,Premium Plan,5,1481.29,7406.45,2024-05-30,Billed,2024-05-30,2024-06-02,2024-05,3,True
ORD-1399,CUST-001,West,Spare Parts,Pump Seal,10,670.52,6705.2,2024-11-09,Billed,2024-11-09,2024-11-20,2024-11,11,False
ORD-1400,CUST-145,North,Equipment,Sensor Unit,6,1503.42,9020.52,2024-05-01,Pending,2024-05-01,2024-05-07,2024-05,6,True
ORD-1401,CUST-043,North,Time & Materials,Remote Support,1,567.16,567.16,2024-05-07,Overdue,2024-05-07,2024-05-09,2024-05,2,True
ORD-1402,CUST-090,East,Spare Parts,Filter Unit,1,802.58,802.58,2024-08-02,Billed,2024-08-02,2024-08-09,2024-08,7,True
ORD-1403,CUST-127,West,Time & Materials,Inspection Visit,7,247.79,1734.53,2024-09-02,Overdue,2024-09-02,2024-09-13,2024-09,11,False
ORD-1404,CUST-058,South,Equipment,Sensor Unit,1,625.07,625.07,2024-06-12,Pending,2024-06-12,2024-06-14,2024-06,2,True
ORD-1405,CUST-019,East,Service Contract,Premium Plan,3,1477.37,4432.11,2024-10-07,Billed,2024-10-07,2024-10-13,2024-10,6,True
ORD-1406,CUST-124,North,Equipment,Display Panel,3,1234.27,3702.81,2024-08-10,Billed,2024-08-10,2024-08-11,2024-08,1,True
ORD-1407,CUST-026,East,Service Contract,Basic Plan,7,1409.53,9866.71,2024-10-03,Pending,2024-10-03,2024-10-14,2024-10,11,False
ORD-1408,CUST-073,East,Service Contract,Basic Plan,1,816.16,816.16,2024-10-08,Pending,2024-10-08,2024-10-11,2024-10,3,True
ORD-1409,CUST-014,East,Spare Parts,Valve Kit,2,624.37,1248.74,2024-12-04,Overdue,2024-12-04,2024-12-14,2024-12,10,False
ORD-1410,CUST-123,South,Spare Parts,Filter Unit,4,383.12,1532.48,2024-05-29,Billed,2024-05-29,2024-06-06,2024-05,8,False
ORD-1411,CUST-030,East,Equipment,Motor Assembly,8,1795.01,14360.08,2024-05-15,Billed,2024-05-15,2024-05-26,2024-05,11,False
ORD-1412,CUST-140,West,Service Contract,Premium Plan,7,770.33,5392.31,2024-08-16,Billed,2024-08-16,2024-08-21,2024-08,5,True
ORD-1413,CUST-113,West,Time & Materials,On-site Repair,5,1150.28,5751.4,2024-03-18,Overdue,2024-03-18,2024-03-29,2024-03,11,False
ORD-1414,CUST-025,North,Time & Materials,Inspection Visit,7,1942.88,13600.16,2024-10-28,Billed,2024-10-28,2024-11-06,2024-10,9,False
ORD-1415,CUST-016,West,Equipment,Display Panel,8,1166.79,9334.32,2024-04-30,Pending,2024-04-30,2024-05-05,2024-04,5,True
ORD-1416,CUST-021,West,Spare Parts,Pump Seal,2,1901.05,3802.1,2024-08-17,Billed,2024-08-17,2024-08-20,2024-08,3,True
ORD-1417,CUST-055,South,Service Contract,Basic Plan,7,202.82,1419.74,2024-12-15,Pending,2024-12-15,2024-12-19,2024-12,4,True
ORD-1418,CUST-038,East,Time & Materials,Inspection Visit,2,219.7,439.4,2024-10-11,Pending,2024-10-11,2024-10-20,2024-10,9,False
ORD-1419,CUST-084,East,Equipment,Sensor Unit,10,1195.77,11957.7,2024-08-02,Billed,2024-08-02,2024-08-09,2024-08,7,True
ORD-1420,CUST-039,South,Spare Parts,Filter Unit,10,1570.11,15701.1,2024-05-26,Overdue,2024-05-26,2024-06-01,2024-05,6,True
ORD-1421,CUST-106,East,Equipment,Display Panel,8,1165.45,9323.6,2024-08-30,Billed,2024-08-30,2024-09-02,2024-08,3,True
ORD-1422,CUST-071,West,Service Contract,Enterprise Plan,10,1377.59,13775.9,2024-07-24,Billed,2024-07-24,2024-07-31,2024-07,7,True
ORD-1423,CUST-085,South,Spare Parts,Valve Kit,5,1799.21,8996.05,2024-01-11,Pending,2024-01-11,2024-01-25,2024-01,14,False
ORD-1424,CUST-078,East,Time & Materials,Remote Support,2,1946.37,3892.74,2024-04-26,Billed,2024-04-26,2024-05-01,2024-04,5,True
ORD-1425,CUST-114,East,Time & Materials,Inspection Visit,7,1229.71,8607.97,2024-02-15,Billed,2024-02-15,2024-02-23,2024-02,8,False
ORD-1426,CUST-055,West,Equipment,Display Panel,6,1650.98,9905.88,2024-09-20,Billed,2024-09-20,2024-09-22,2024-09,2,True
ORD-1427,CUST-080,West,Service Contract,Enterprise Plan,10,106.45,1064.5,2024-04-08,Billed,2024-04-08,2024-04-22,2024-04,14,False
ORD-1428,CUST-015,South,Spare Parts,Valve Kit,1,1840.16,1840.16,2024-12-26,Billed,2024-12-26,2024-12-31,2024-12,5,True
ORD-1429,CUST-095,West,Equipment,Display Panel,2,1378.29,2756.58,2024-05-03,Pending,2024-05-03,2024-05-11,2024-05,8,False
ORD-1430,CUST-115,South,Equipment,Display Panel,9,732.03,6588.27,2024-03-24,Pending,2024-03-24,2024-04-05,2024-03,12,False
ORD-1431,CUST-024,East,Spare Parts,Valve Kit,1,367.67,367.67,2024-10-19,Billed,2024-10-19,2024-11-02,2024-10,14,False
ORD-1432,CUST-057,South,Service Contract,Premium Plan,7,1050.9,7356.3,2024-12-15,Billed,2024-12-15,2024-12-23,2024-12,8,False
ORD-1433,CUST-034,South,Spare Parts,Pump Seal,5,1236.27,6181.35,2024-06-05,Overdue,2024-06-05,2024-06-17,2024-06,12,False
ORD-1434,CUST-071,West,Equipment,Motor Assembly,8,541.4,4331.2,2024-08-26,Pending,2024-08-26,2024-09-06,2024-08,11,False
ORD-1435,CUST-134,West,Spare Parts,Filter Unit,9,1998.89,17990.01,2024-07-10,Overdue,2024-07-10,2024-07-21,2024-07,11,False
ORD-1436,CUST-073,East,Spare Parts,Valve Kit,2,705.75,1411.5,2024-05-21,Overdue,2024-05-21,2024-05-27,2024-05,6,True
ORD-1437,CUST-071,East,Time & Materials,On-site Repair,3,1058.72,3176.16,2024-05-03,Billed,2024-05-03,2024-05-16,2024-05,13,False
ORD-1438,CUST-104,East,Service Contract,Enterprise Plan,1,1328.03,1328.03,2024-05-31,Pending,2024-05-31,2024-06-07,2024-05,7,True
ORD-1439,CUST-104,West,Spare Parts,Pump Seal,6,1466.77,8800.62,2024-04-23,Overdue,2024-04-23,2024-05-02,2024-04,9,False
ORD-1440,CUST-122,East,Time & Materials,On-site Repair,9,403.21,3628.89,2024-02-19,Pending,2024-02-19,2024-02-22,2024-02,3,True
ORD-1441,CUST-067,South,Time & Materials,Inspection Visit,2,483.39,966.78,2024-04-24,Overdue,2024-04-24,2024-05-08,2024-04,14,False
ORD-1442,CUST-079,West,Time & Materials,Remote Support,5,1191.86,5959.3,2024-08-25,Billed,2024-08-25,2024-09-02,2024-08,8,False
ORD-1443,CUST-014,North,Equipment,Sensor Unit,9,283.64,2552.76,2024-12-14,Pending,2024-12-14,2024-12-23,2024-12,9,False
ORD-1444,CUST-077,West,Spare Parts,Pump Seal,3,1985.08,5955.24,2024-06-24,Pending,2024-06-24,2024-07-04,2024-06,10,False
ORD-1445,CUST-118,South,Time & Materials,Inspection Visit,3,1568.94,4706.82,2024-09-06,Pending,2024-09-06,2024-09-17,2024-09,11,False
ORD-1446,CUST-046,East,Spare Parts,Filter Unit,8,583.38,4667.04,2024-03-27,Overdue,2024-03-27,2024-04-09,2024-03,13,False
ORD-1447,CUST-041,West,Spare Parts,Pump Seal,10,895.74,8957.4,2024-08-07,Pending,2024-08-07,2024-08-14,2024-08,7,True
ORD-1448,CUST-123,West,Spare Parts,Filter Unit,9,438.86,3949.74,2024-07-10,Billed,2024-07-10,2024-07-16,2024-07,6,True
ORD-1449,CUST-136,South,Spare Parts,Filter Unit,4,491.22,1964.88,2024-06-25,Pending,2024-06-25,2024-06-28,2024-06,3,True
ORD-1450,CUST-027,West,Time & Materials,On-site Repair,2,1656.5,3313.0,2024-06-01,Pending,2024-06-01,2024-06-09,2024-06,8,False
ORD-1451,CUST-134,East,Equipment,Display Panel,3,718.33,2154.99,2024-09-07,Pending,2024-09-07,2024-09-20,2024-09,13,False
ORD-1452,CUST-049,South,Equipment,Sensor Unit,4,487.43,1949.72,2024-03-08,Billed,2024-03-08,2024-03-20,2024-03,12,False
ORD-1453,CUST-006,South,Spare Parts,Control Board,1,781.63,781.63,2024-11-23,Pending,2024-11-23,2024-12-06,2024-11,13,False
ORD-1454,CUST-137,North,Spare Parts,Filter Unit,1,144.06,144.06,2024-02-29,Pending,2024-02-29,2024-03-08,2024-02,8,False
ORD-1455,CUST-098,North,Time & Materials,Remote Support,3,450.72,1352.16,2024-12-17,Overdue,2024-12-17,2024-12-18,2024-12,1,True
ORD-1456,CUST-078,West,Spare Parts,Control Board,10,1230.99,12309.9,2024-03-11,Pending,2024-03-11,2024-03-25,2024-03,14,False
ORD-1457,CUST-027,North,Time & Materials,On-site Repair,2,1020.59,2041.18,2024-11-07,Billed,2024-11-07,2024-11-20,2024-11,13,False
ORD-1458,CUST-068,South,Time & Materials,Inspection Visit,7,625.93,4381.51,2024-01-21,Overdue,2024-01-21,2024-01-29,2024-01,8,False
ORD-1459,CUST-054,West,Time & Materials,On-site Repair,1,74.86,74.86,2024-02-15,Billed,2024-02-15,2024-02-29,2024-02,14,False
ORD-1460,CUST-147,West,Service Contract,Basic Plan,9,196.34,1767.06,2024-02-21,Pending,2024-02-21,2024-03-03,2024-02,11,False
ORD-1461,CUST-060,West,Time & Materials,Remote Support,8,147.66,1181.28,2024-03-30,Billed,2024-03-30,2024-04-13,2024-03,14,False
ORD-1462,CUST-075,East,Time & Materials,Remote Support,2,235.25,470.5,2024-01-24,Billed,2024-01-24,2024-02-07,2024-01,14,False
ORD-1463,CUST-036,South,Time & Materials,Remote Support,8,1912.42,15299.36,2024-05-17,Overdue,2024-05-17,2024-05-19,2024-05,2,True
ORD-1464,CUST-096,East,Service Contract,Basic Plan,7,830.49,5813.43,2024-08-21,Pending,2024-08-21,2024-09-04,2024-08,14,False
ORD-1465,CUST-099,West,Equipment,Display Panel,3,270.46,811.38,2024-12-22,Overdue,2024-12-22,2024-12-23,2024-12,1,True
ORD-1466,CUST-041,North,Equipment,Display Panel,8,1614.42,12915.36,2024-12-13,Pending,2024-12-13,2024-12-16,2024-12,3,True
ORD-1467,CUST-098,East,Spare Parts,Pump Seal,8,1844.78,14758.24,2024-02-27,Pending,2024-02-27,2024-03-06,2024-02,8,False
ORD-1468,CUST-012,North,Time & Materials,Inspection Visit,6,74.1,444.6,2024-12-13,Overdue,2024-12-13,2024-12-26,2024-12,13,False
ORD-1469,CUST-148,South,Time & Materials,Inspection Visit,9,1392.07,12528.63,2024-11-12,Billed,2024-11-12,2024-11-19,2024-11,7,True
ORD-1470,CUST-064,West,Time & Materials,Inspection Visit,7,339.88,2379.16,2024-10-12,Overdue,2024-10-12,2024-10-13,2024-10,1,True
ORD-1471,CUST-003,South,Equipment,Motor Assembly,3,195.99,587.97,2024-09-08,Pending,2024-09-08,2024-09-12,2024-09,4,True
ORD-1472,CUST-085,East,Spare Parts,Pump Seal,9,1304.47,11740.23,2024-07-25,Billed,2024-07-25,2024-07-27,2024-07,2,True
ORD-1473,CUST-118,West,Equipment,Sensor Unit,8,921.78,7374.24,2024-03-01,Pending,2024-03-01,2024-03-13,2024-03,12,False
ORD-1474,CUST-005,North,Equipment,Motor Assembly,1,1136.41,1136.41,2024-01-01,Billed,2024-01-01,2024-01-14,2024-01,13,False
ORD-1475,CUST-078,South,Equipment,Motor Assembly,6,1659.36,9956.16,2024-04-24,Pending,2024-04-24,2024-04-30,2024-04,6,True
ORD-1476,CUST-144,West,Time & Materials,Inspection Visit,8,272.35,2178.8,2024-12-03,Billed,2024-12-03,2024-12-04,2024-12,1,True
ORD-1477,CUST-088,East,Time & Materials,Inspection Visit,9,779.09,7011.81,2024-02-24,Billed,2024-02-24,2024-02-27,2024-02,3,True
ORD-1478,CUST-127,South,Equipment,Sensor Unit,5,1241.16,6205.8,2024-04-06,Billed,2024-04-06,2024-04-20,2024-04,14,False
ORD-1479,CUST-101,South,Equipment,Sensor Unit,6,260.14,1560.84,2024-07-31,Billed,2024-07-31,2024-08-11,2024-07,11,False
ORD-1480,CUST-032,West,Equipment,Display Panel,10,1914.57,19145.7,2024-03-09,Pending,2024-03-09,2024-03-10,2024-03,1,True
ORD-1481,CUST-136,North,Equipment,Display Panel,8,1852.52,14820.16,2024-03-31,Overdue,2024-03-31,2024-04-10,2024-03,10,False
ORD-1482,CUST-045,South,Spare Parts,Valve Kit,10,1232.01,12320.1,2024-06-13,Overdue,2024-06-13,2024-06-20,2024-06,7,True
ORD-1483,CUST-108,South,Time & Materials,Remote Support,6,1942.46,11654.76,2024-08-19,Billed,2024-08-19,2024-08-22,2024-08,3,True
ORD-1484,CUST-106,East,Time & Materials,Inspection Visit,9,1283.54,11551.86,2024-04-12,Billed,2024-04-12,2024-04-22,2024-04,10,False
ORD-1485,CUST-075,East,Service Contract,Enterprise Plan,3,1032.59,3097.77,2024-12-21,Overdue,2024-12-21,2024-12-27,2024-12,6,True
ORD-1486,CUST-030,East,Equipment,Display Panel,10,1888.21,18882.1,2024-12-29,Pending,2024-12-29,2025-01-09,2024-12,11,False
ORD-1487,CUST-137,East,Equipment,Sensor Unit,9,257.62,2318.58,2024-07-14,Billed,2024-07-14,2024-07-15,2024-07,1,True
ORD-1488,CUST-015,South,Time & Materials,On-site Repair,5,1382.61,6913.05,2024-03-15,Billed,2024-03-15,2024-03-27,2024-03,12,False
ORD-1489,CUST-076,South,Spare Parts,Control Board,8,249.84,1998.72,2024-12-11,Overdue,2024-12-11,2024-12-20,2024-12,9,False
ORD-1490,CUST-058,West,Service Contract,Enterprise Plan,5,1401.23,7006.15,2024-01-25,Pending,2024-01-25,2024-02-01,2024-01,7,True
ORD-1491,CUST-107,East,Spare Parts,Filter Unit,5,446.02,2230.1,2024-08-14,Billed,2024-08-14,2024-08-25,2024-08,11,False
ORD-1492,CUST-095,South,Service Contract,Premium Plan,8,395.98,3167.84,2024-12-15,Billed,2024-12-15,2024-12-18,2024-12,3,True
ORD-1493,CUST-045,North,Equipment,Sensor Unit,7,594.27,4159.89,2024-05-15,Billed,2024-05-15,2024-05-18,2024-05,3,True
ORD-1494,CUST-150,East,Spare Parts,Control Board,8,1433.89,11471.12,2024-03-20,Billed,2024-03-20,2024-03-23,2024-03,3,True
ORD-1495,CUST-083,North,Time & Materials,Remote Support,10,1122.81,11228.1,2024-02-07,Overdue,2024-02-07,2024-02-13,2024-02,6,True
ORD-1496,CUST-135,South,Service Contract,Enterprise Plan,2,1583.2,3166.4,2024-03-22,Pending,2024-03-22,2024-03-31,2024-03,9,False
ORD-1497,CUST-138,West,Spare Parts,Control Board,4,1772.62,7090.48,2024-12-05,Pending,2024-12-05,2024-12-11,2024-12,6,True
ORD-1498,CUST-093,East,Service Contract,Enterprise Plan,9,975.97,8783.73,2024-10-14,Overdue,2024-10-14,2024-10-15,2024-10,1,True
ORD-1499,CUST-030,East,Equipment,Sensor Unit,10,1841.28,18412.8,2024-05-04,Billed,2024-05-04,2024-05-15,2024-05,11,False
ORD-1500,CUST-083,West,Spare Parts,Valve Kit,5,1103.46,5517.3,2024-05-24,Billed,2024-05-24,2024-06-02,2024-05,9,False
ORD-1501,CUST-096,West,Equipment,Sensor Unit,5,1801.65,9008.25,2024-04-08,Pending,2024-04-08,2024-04-17,2024-04,9,False
ORD-1502,CUST-022,North,Service Contract,Enterprise Plan,9,64.29,578.61,2024-02-03,Billed,2024-02-03,2024-02-14,2024-02,11,False
ORD-1503,CUST-055,West,Spare Parts,Pump Seal,9,1666.06,14994.54,2024-08-10,Overdue,2024-08-10,2024-08-24,2024-08,14,False
ORD-1504,CUST-019,South,Spare Parts,Valve Kit,6,123.88,743.28,2024-02-07,Billed,2024-02-07,2024-02-10,2024-02,3,True
ORD-1505,CUST-065,North,Service Contract,Premium Plan,7,806.66,5646.62,2024-11-18,Pending,2024-11-18,2024-11-25,2024-11,7,True
ORD-1506,CUST-081,North,Equipment,Display Panel,2,1092.93,2185.86,2024-11-24,Overdue,2024-11-24,2024-12-04,2024-11,10,False
ORD-1507,CUST-017,North,Spare Parts,Control Board,9,256.96,2312.64,2024-12-17,Pending,2024-12-17,2024-12-27,2024-12,10,False
ORD-1508,CUST-023,East,Equipment,Motor Assembly,7,1653.14,11571.98,2024-01-16,Pending,2024-01-16,2024-01-19,2024-01,3,True
ORD-1509,CUST-137,South,Service Contract,Enterprise Plan,7,1603.7,11225.9,2024-10-06,Pending,2024-10-06,2024-10-17,2024-10,11,False
ORD-1510,CUST-037,East,Time & Materials,On-site Repair,9,1755.8,15802.2,2024-03-13,Billed,2024-03-13,2024-03-14,2024-03,1,True
ORD-1511,CUST-002,West,Spare Parts,Control Board,4,1509.18,6036.72,2024-06-25,Billed,2024-06-25,2024-07-02,2024-06,7,True
ORD-1512,CUST-132,South,Service Contract,Basic Plan,4,1252.93,5011.72,2024-05-09,Billed,2024-05-09,2024-05-11,2024-05,2,True
ORD-1513,CUST-047,North,Equipment,Display Panel,9,192.63,1733.67,2024-12-09,Billed,2024-12-09,2024-12-14,2024-12,5,True
ORD-1514,CUST-026,South,Equipment,Motor Assembly,6,300.02,1800.12,2024-12-01,Billed,2024-12-01,2024-12-03,2024-12,2,True
ORD-1515,CUST-073,North,Service Contract,Premium Plan,8,928.76,7430.08,2024-11-11,Overdue,2024-11-11,2024-11-16,2024-11,5,True
ORD-1516,CUST-150,South,Time & Materials,Remote Support,7,378.85,2651.95,2024-06-09,Billed,2024-06-09,2024-06-22,2024-06,13,False
ORD-1517,CUST-057,West,Time & Materials,Remote Support,3,1375.18,4125.54,2024-06-18,Pending,2024-06-18,2024-06-26,2024-06,8,False
ORD-1518,CUST-115,East,Time & Materials,Remote Support,9,262.22,2359.98,2024-11-26,Overdue,2024-11-26,2024-11-28,2024-11,2,True
ORD-1519,CUST-072,South,Service Contract,Premium Plan,2,1468.48,2936.96,2024-01-10,Overdue,2024-01-10,2024-01-21,2024-01,11,False
ORD-1520,CUST-008,West,Service Contract,Basic Plan,9,558.2,5023.8,2024-10-03,Pending,2024-10-03,2024-10-14,2024-10,11,False
ORD-1521,CUST-039,East,Equipment,Sensor Unit,10,1479.79,14797.9,2024-05-28,Billed,2024-05-28,2024-06-05,2024-05,8,False
ORD-1522,CUST-129,North,Equipment,Motor Assembly,9,70.65,635.85,2024-05-02,Overdue,2024-05-02,2024-05-13,2024-05,11,False
ORD-1523,CUST-043,South,Equipment,Sensor Unit,3,1154.4,3463.2,2024-10-16,Overdue,2024-10-16,2024-10-30,2024-10,14,False
ORD-1524,CUST-038,West,Time & Materials,On-site Repair,4,1534.87,6139.48,2024-04-28,Billed,2024-04-28,2024-05-03,2024-04,5,True
ORD-1525,CUST-095,South,Spare Parts,Pump Seal,9,1820.07,16380.63,2024-07-03,Pending,2024-07-03,2024-07-11,2024-07,8,False
ORD-1526,CUST-117,North,Spare Parts,Control Board,2,1422.29,2844.58,2024-09-23,Overdue,2024-09-23,2024-10-07,2024-09,14,False
ORD-1527,CUST-071,East,Service Contract,Premium Plan,7,762.33,5336.31,2024-11-30,Billed,2024-11-30,2024-12-09,2024-11,9,False
ORD-1528,CUST-065,West,Service Contract,Enterprise Plan,7,738.15,5167.05,2024-06-25,Pending,2024-06-25,2024-07-08,2024-06,13,False
ORD-1529,CUST-124,North,Service Contract,Premium Plan,3,498.48,1495.44,2024-09-20,Overdue,2024-09-20,2024-09-25,2024-09,5,True
ORD-1530,CUST-055,South,Service Contract,Basic Plan,6,1223.94,7343.64,2024-03-01,Overdue,2024-03-01,2024-03-05,2024-03,4,True
ORD-1531,CUST-107,East,Spare Parts,Valve Kit,8,984.09,7872.72,2024-10-29,Billed,2024-10-29,2024-11-09,2024-10,11,False
ORD-1532,CUST-106,North,Service Contract,Basic Plan,3,1168.3,3504.9,2024-03-23,Billed,2024-03-23,2024-04-03,2024-03,11,False
ORD-1533,CUST-132,North,Service Contract,Basic Plan,3,553.61,1660.83,2024-04-02,Overdue,2024-04-02,2024-04-09,2024-04,7,True
ORD-1534,CUST-145,North,Time & Materials,On-site Repair,4,925.95,3703.8,2024-08-29,Pending,2024-08-29,2024-09-01,2024-08,3,True
ORD-1535,CUST-057,West,Service Contract,Enterprise Plan,3,1265.26,3795.78,2024-09-18,Pending,2024-09-18,2024-09-21,2024-09,3,True
ORD-1536,CUST-088,West,Spare Parts,Pump Seal,7,801.65,5611.55,2024-02-25,Billed,2024-02-25,2024-02-29,2024-02,4,True
ORD-1537,CUST-134,West,Service Contract,Enterprise Plan,2,395.97,791.94,2024-11-10,Overdue,2024-11-10,2024-11-11,2024-11,1,True
ORD-1538,CUST-137,North,Spare Parts,Valve Kit,3,1808.87,5426.61,2024-10-03,Billed,2024-10-03,2024-10-16,2024-10,13,False
ORD-1539,CUST-111,West,Time & Materials,On-site Repair,9,886.46,7978.14,2024-09-03,Pending,2024-09-03,2024-09-09,2024-09,6,True
ORD-1540,CUST-148,North,Equipment,Sensor Unit,5,980.43,4902.15,2024-04-29,Billed,2024-04-29,2024-05-04,2024-04,5,True
ORD-1541,CUST-140,West,Time & Materials,On-site Repair,1,1432.84,1432.84,2024-01-04,Overdue,2024-01-04,2024-01-13,2024-01,9,False
ORD-1542,CUST-031,North,Equipment,Display Panel,4,1391.15,5564.6,2024-06-10,Pending,2024-06-10,2024-06-16,2024-06,6,True
ORD-1543,CUST-028,South,Equipment,Display Panel,10,544.58,5445.8,2024-10-01,Pending,2024-10-01,2024-10-11,2024-10,10,False
ORD-1544,CUST-094,East,Equipment,Sensor Unit,7,1126.6,7886.2,2024-10-12,Pending,2024-10-12,2024-10-15,2024-10,3,True
ORD-1545,CUST-095,West,Time & Materials,Remote Support,10,721.49,7214.9,2024-12-27,Pending,2024-12-27,2025-01-08,2024-12,12,False
ORD-1546,CUST-036,North,Service Contract,Premium Plan,3,245.54,736.62,2024-09-17,Pending,2024-09-17,2024-09-30,2024-09,13,False
ORD-1547,CUST-087,North,Service Contract,Premium Plan,1,1618.52,1618.52,2024-03-15,Pending,2024-03-15,2024-03-25,2024-03,10,False
ORD-1548,CUST-112,North,Spare Parts,Control Board,4,773.13,3092.52,2024-11-07,Billed,2024-11-07,2024-11-19,2024-11,12,False
ORD-1549,CUST-099,West,Time & Materials,Inspection Visit,10,162.05,1620.5,2024-03-30,Overdue,2024-03-30,2024-04-07,2024-03,8,False
ORD-1550,CUST-113,North,Service Contract,Enterprise Plan,9,607.71,5469.39,2024-01-18,Overdue,2024-01-18,2024-01-27,2024-01,9,False
ORD-1551,CUST-133,South,Service Contract,Enterprise Plan,1,751.49,751.49,2024-12-01,Billed,2024-12-01,2024-12-04,2024-12,3,True
ORD-1552,CUST-023,East,Equipment,Motor Assembly,7,840.63,5884.41,2024-04-12,Overdue,2024-04-12,2024-04-13,2024-04,1,True
ORD-1553,CUST-018,North,Time & Materials,Inspection Visit,9,1834.27,16508.43,2024-06-27,Pending,2024-06-27,2024-07-11,2024-06,14,False
ORD-1554,CUST-071,South,Service Contract,Premium Plan,7,1171.07,8197.49,2024-05-13,Billed,2024-05-13,2024-05-20,2024-05,7,True
ORD-1555,CUST-130,North,Spare Parts,Control Board,6,1896.68,11380.08,2024-09-19,Pending,2024-09-19,2024-09-28,2024-09,9,False
ORD-1556,CUST-148,East,Equipment,Motor Assembly,10,993.08,9930.8,2024-05-04,Pending,2024-05-04,2024-05-17,2024-05,13,False
ORD-1557,CUST-118,West,Spare Parts,Valve Kit,2,552.75,1105.5,2024-07-14,Overdue,2024-07-14,2024-07-27,2024-07,13,False
ORD-1558,CUST-057,South,Time & Materials,Remote Support,6,1057.18,6343.08,2024-01-05,Overdue,2024-01-05,2024-01-19,2024-01,14,False
ORD-1559,CUST-068,South,Time & Materials,On-site Repair,7,1363.71,9545.97,2024-06-24,Billed,2024-06-24,2024-07-03,2024-06,9,False
ORD-1560,CUST-046,West,Time & Materials,Remote Support,4,1793.92,7175.68,2024-05-17,Billed,2024-05-17,2024-05-29,2024-05,12,False
ORD-1561,CUST-049,West,Service Contract,Basic Plan,4,1751.85,7007.4,2024-04-15,Billed,2024-04-15,2024-04-19,2024-04,4,True
ORD-1562,CUST-064,East,Service Contract,Basic Plan,2,1844.37,3688.74,2024-12-12,Overdue,2024-12-12,2024-12-20,2024-12,8,False
ORD-1563,CUST-002,North,Equipment,Motor Assembly,10,665.06,6650.6,2024-10-21,Pending,2024-10-21,2024-10-29,2024-10,8,False
ORD-1564,CUST-047,East,Equipment,Sensor Unit,10,300.08,3000.8,2024-09-26,Pending,2024-09-26,2024-10-04,2024-09,8,False
ORD-1565,CUST-139,North,Time & Materials,Remote Support,3,941.53,2824.59,2024-03-02,Overdue,2024-03-02,2024-03-11,2024-03,9,False
ORD-1566,CUST-118,East,Spare Parts,Filter Unit,4,789.88,3159.52,2024-02-21,Pending,2024-02-21,2024-02-27,2024-02,6,True
ORD-1567,CUST-067,South,Time & Materials,On-site Repair,5,969.12,4845.6,2024-11-09,Pending,2024-11-09,2024-11-15,2024-11,6,True
ORD-1568,CUST-048,West,Equipment,Sensor Unit,7,1416.39,9914.73,2024-07-09,Pending,2024-07-09,2024-07-23,2024-07,14,False
ORD-1569,CUST-103,East,Equipment,Sensor Unit,10,305.72,3057.2,2024-10-21,Overdue,2024-10-21,2024-10-25,2024-10,4,True
ORD-1570,CUST-026,East,Service Contract,Enterprise Plan,7,1719.8,12038.6,2024-04-10,Billed,2024-04-10,2024-04-23,2024-04,13,False
ORD-1571,CUST-039,West,Spare Parts,Pump Seal,7,1024.22,7169.54,2024-11-18,Overdue,2024-11-18,2024-11-27,2024-11,9,False
ORD-1572,CUST-081,West,Time & Materials,Remote Support,9,1724.08,15516.72,2024-01-25,Pending,2024-01-25,2024-01-27,2024-01,2,True
ORD-1573,CUST-042,North,Service Contract,Premium Plan,8,1685.99,13487.92,2024-02-19,Pending,2024-02-19,2024-03-02,2024-02,12,False
ORD-1574,CUST-086,East,Time & Materials,Remote Support,9,1137.11,10233.99,2024-05-11,Pending,2024-05-11,2024-05-12,2024-05,1,True
ORD-1575,CUST-106,North,Time & Materials,Inspection Visit,10,437.97,4379.7,2024-10-21,Overdue,2024-10-21,2024-11-01,2024-10,11,False
ORD-1576,CUST-138,South,Time & Materials,Remote Support,6,1362.73,8176.38,2024-09-06,Overdue,2024-09-06,2024-09-14,2024-09,8,False
ORD-1577,CUST-021,West,Time & Materials,Remote Support,3,1743.1,5229.3,2024-11-23,Pending,2024-11-23,2024-11-30,2024-11,7,True
ORD-1578,CUST-147,West,Spare Parts,Filter Unit,3,720.07,2160.21,2024-06-09,Pending,2024-06-09,2024-06-20,2024-06,11,False
ORD-1579,CUST-075,East,Equipment,Motor Assembly,8,1572.9,12583.2,2024-07-04,Overdue,2024-07-04,2024-07-14,2024-07,10,False
ORD-1580,CUST-134,West,Equipment,Sensor Unit,3,1715.71,5147.13,2024-03-05,Overdue,2024-03-05,2024-03-09,2024-03,4,True
ORD-1581,CUST-065,North,Service Contract,Basic Plan,7,250.87,1756.09,2024-02-02,Pending,2024-02-02,2024-02-11,2024-02,9,False
ORD-1582,CUST-014,North,Equipment,Display Panel,2,252.66,505.32,2024-11-12,Billed,2024-11-12,2024-11-14,2024-11,2,True
ORD-1583,CUST-100,East,Service Contract,Basic Plan,5,914.16,4570.8,2024-03-05,Billed,2024-03-05,2024-03-14,2024-03,9,False
ORD-1584,CUST-044,North,Spare Parts,Control Board,6,1735.27,10411.62,2024-08-27,Overdue,2024-08-27,2024-09-01,2024-08,5,True
ORD-1585,CUST-141,West,Service Contract,Enterprise Plan,9,395.22,3556.98,2024-11-01,Pending,2024-11-01,2024-11-12,2024-11,11,False
ORD-1586,CUST-145,West,Time & Materials,Remote Support,8,1102.35,8818.8,2024-02-15,Pending,2024-02-15,2024-02-20,2024-02,5,True
ORD-1587,CUST-094,West,Time & Materials,On-site Repair,5,70.58,352.9,2024-09-24,Billed,2024-09-24,2024-09-30,2024-09,6,True
ORD-1588,CUST-074,West,Spare Parts,Valve Kit,8,634.24,5073.92,2024-08-08,Pending,2024-08-08,2024-08-18,2024-08,10,False
ORD-1589,CUST-060,North,Time & Materials,On-site Repair,7,1770.22,12391.54,2024-08-11,Pending,2024-08-11,2024-08-15,2024-08,4,True
ORD-1590,CUST-042,West,Equipment,Sensor Unit,5,204.46,1022.3,2024-11-16,Billed,2024-11-16,2024-11-25,2024-11,9,False
ORD-1591,CUST-070,East,Time & Materials,Remote Support,4,1714.29,6857.16,2024-04-03,Billed,2024-04-03,2024-04-08,2024-04,5,True
ORD-1592,CUST-029,West,Equipment,Motor Assembly,10,1009.39,10093.9,2024-06-13,Billed,2024-06-13,2024-06-16,2024-06,3,True
ORD-1593,CUST-013,North,Service Contract,Basic Plan,5,574.93,2874.65,2024-08-12,Overdue,2024-08-12,2024-08-13,2024-08,1,True
ORD-1594,CUST-060,North,Service Contract,Basic Plan,8,473.52,3788.16,2024-08-03,Pending,2024-08-03,2024-08-16,2024-08,13,False
ORD-1595,CUST-128,East,Equipment,Display Panel,1,693.98,693.98,2024-03-15,Billed,2024-03-15,2024-03-20,2024-03,5,True
ORD-1596,CUST-101,North,Equipment,Sensor Unit,4,1796.61,7186.44,2024-05-08,Pending,2024-05-08,2024-05-22,2024-05,14,False
ORD-1597,CUST-004,North,Service Contract,Premium Plan,8,531.97,4255.76,2024-01-18,Billed,2024-01-18,2024-01-26,2024-01,8,False
ORD-1598,CUST-025,South,Equipment,Motor Assembly,5,1875.62,9378.1,2024-03-22,Overdue,2024-03-22,2024-04-03,2024-03,12,False
ORD-1599,CUST-011,North,Time & Materials,Remote Support,5,437.51,2187.55,2024-01-27,Overdue,2024-01-27,2024-01-31,2024-01,4,True
ORD-1600,CUST-029,South,Equipment,Motor Assembly,1,376.35,376.35,2024-05-21,Overdue,2024-05-21,2024-05-23,2024-05,2,True
ORD-1601,CUST-102,South,Spare Parts,Filter Unit,10,1577.78,15777.8,2024-08-31,Overdue,2024-08-31,2024-09-10,2024-08,10,False
ORD-1602,CUST-040,East,Spare Parts,Pump Seal,3,1024.84,3074.52,2024-12-17,Overdue,2024-12-17,2024-12-23,2024-12,6,True
ORD-1603,CUST-016,North,Time & Materials,Inspection Visit,3,1417.59,4252.77,2024-02-24,Billed,2024-02-24,2024-03-03,2024-02,8,False
ORD-1604,CUST-060,East,Time & Materials,Remote Support,4,91.64,366.56,2024-07-12,Pending,2024-07-12,2024-07-24,2024-07,12,False
ORD-1605,CUST-035,East,Spare Parts,Valve Kit,8,1140.1,9120.8,2024-10-04,Overdue,2024-10-04,2024-10-12,2024-10,8,False
ORD-1606,CUST-049,South,Time & Materials,Remote Support,8,586.88,4695.04,2024-11-02,Overdue,2024-11-02,2024-11-05,2024-11,3,True
ORD-1607,CUST-018,South,Equipment,Motor Assembly,5,1106.13,5530.65,2024-08-20,Billed,2024-08-20,2024-09-02,2024-08,13,False
ORD-1608,CUST-130,West,Service Contract,Basic Plan,10,1720.82,17208.2,2024-11-13,Billed,2024-11-13,2024-11-19,2024-11,6,True
ORD-1609,CUST-017,West,Service Contract,Enterprise Plan,8,1543.18,12345.44,2024-03-19,Overdue,2024-03-19,2024-03-24,2024-03,5,True
ORD-1610,CUST-083,West,Time & Materials,On-site Repair,2,1070.24,2140.48,2024-02-04,Billed,2024-02-04,2024-02-18,2024-02,14,False
ORD-1611,CUST-034,South,Spare Parts,Pump Seal,2,996.47,1992.94,2024-02-20,Billed,2024-02-20,2024-03-01,2024-02,10,False
ORD-1612,CUST-100,West,Time & Materials,On-site Repair,6,480.41,2882.46,2024-02-06,Billed,2024-02-06,2024-02-10,2024-02,4,True
ORD-1613,CUST-126,North,Equipment,Display Panel,1,753.81,753.81,2024-07-31,Pending,2024-07-31,2024-08-13,2024-07,13,False
ORD-1614,CUST-015,East,Spare Parts,Filter Unit,5,201.97,1009.85,2024-04-20,Overdue,2024-04-20,2024-04-22,2024-04,2,True
ORD-1615,CUST-026,South,Equipment,Sensor Unit,4,1076.07,4304.28,2024-05-07,Overdue,2024-05-07,2024-05-18,2024-05,11,False
ORD-1616,CUST-046,West,Spare Parts,Control Board,8,1419.97,11359.76,2024-08-06,Billed,2024-08-06,2024-08-09,2024-08,3,True
ORD-1617,CUST-047,West,Time & Materials,Inspection Visit,3,1091.11,3273.33,2024-11-03,Pending,2024-11-03,2024-11-09,2024-11,6,True
ORD-1618,CUST-081,East,Time & Materials,Remote Support,7,1661.0,11627.0,2024-06-14,Overdue,2024-06-14,2024-06-18,2024-06,4,True
ORD-1619,CUST-145,South,Equipment,Display Panel,5,752.02,3760.1,2024-08-19,Pending,2024-08-19,2024-08-26,2024-08,7,True
ORD-1620,CUST-001,North,Time & Materials,Inspection Visit,1,1059.34,1059.34,2024-06-03,Billed,2024-06-03,2024-06-08,2024-06,5,True
ORD-1621,CUST-057,South,Time & Materials,On-site Repair,5,1842.27,9211.35,2024-09-18,Overdue,2024-09-18,2024-09-28,2024-09,10,False
ORD-1622,CUST-147,South,Spare Parts,Filter Unit,8,743.53,5948.24,2024-03-11,Pending,2024-03-11,2024-03-17,2024-03,6,True
ORD-1623,CUST-150,South,Service Contract,Premium Plan,5,229.21,1146.05,2024-07-23,Overdue,2024-07-23,2024-07-27,2024-07,4,True
ORD-1624,CUST-020,East,Equipment,Sensor Unit,8,1660.13,13281.04,2024-12-19,Overdue,2024-12-19,2024-12-29,2024-12,10,False
ORD-1625,CUST-025,East,Spare Parts,Valve Kit,2,1571.24,3142.48,2024-06-20,Pending,2024-06-20,2024-07-04,2024-06,14,False
ORD-1626,CUST-112,West,Spare Parts,Pump Seal,10,1860.87,18608.7,2024-11-20,Overdue,2024-11-20,2024-11-27,2024-11,7,True
ORD-1627,CUST-014,East,Spare Parts,Control Board,9,1151.58,10364.22,2024-06-16,Overdue,2024-06-16,2024-06-28,2024-06,12,False
ORD-1628,CUST-057,South,Spare Parts,Valve Kit,8,1518.04,12144.32,2024-10-21,Overdue,2024-10-21,2024-10-23,2024-10,2,True
ORD-1629,CUST-057,West,Time & Materials,Remote Support,3,307.77,923.31,2024-02-12,Pending,2024-02-12,2024-02-22,2024-02,10,False
ORD-1630,CUST-013,West,Time & Materials,On-site Repair,7,1028.56,7199.92,2024-12-23,Billed,2024-12-23,2025-01-05,2024-12,13,False
ORD-1631,CUST-035,West,Service Contract,Premium Plan,7,1321.88,9253.16,2024-04-10,Overdue,2024-04-10,2024-04-20,2024-04,10,False
ORD-1632,CUST-135,South,Service Contract,Basic Plan,5,1564.71,7823.55,2024-06-14,Overdue,2024-06-14,2024-06-24,2024-06,10,False
ORD-1633,CUST-023,North,Equipment,Motor Assembly,6,729.2,4375.2,2024-06-13,Pending,2024-06-13,2024-06-23,2024-06,10,False
ORD-1634,CUST-007,East,Service Contract,Premium Plan,10,1652.09,16520.9,2024-08-14,Overdue,2024-08-14,2024-08-17,2024-08,3,True
ORD-1635,CUST-113,North,Service Contract,Basic Plan,6,354.18,2125.08,2024-02-13,Billed,2024-02-13,2024-02-25,2024-02,12,False
ORD-1636,CUST-014,South,Service Contract,Premium Plan,1,719.38,719.38,2024-02-26,Pending,2024-02-26,2024-03-05,2024-02,8,False
ORD-1637,CUST-121,North,Time & Materials,On-site Repair,9,463.16,4168.44,2024-10-06,Overdue,2024-10-06,2024-10-19,2024-10,13,False
ORD-1638,CUST-067,West,Service Contract,Enterprise Plan,1,784.38,784.38,2024-12-05,Overdue,2024-12-05,2024-12-06,2024-12,1,True
ORD-1639,CUST-066,South,Spare Parts,Control Board,4,1588.92,6355.68,2024-11-12,Pending,2024-11-12,2024-11-13,2024-11,1,True
ORD-1640,CUST-120,North,Spare Parts,Valve Kit,5,1342.81,6714.05,2024-12-03,Pending,2024-12-03,2024-12-17,2024-12,14,False
ORD-1641,CUST-028,North,Time & Materials,Inspection Visit,7,500.78,3505.46,2024-07-13,Overdue,2024-07-13,2024-07-25,2024-07,12,False
ORD-1642,CUST-026,East,Equipment,Display Panel,9,221.64,1994.76,2024-04-11,Overdue,2024-04-11,2024-04-19,2024-04,8,False
ORD-1643,CUST-144,North,Spare Parts,Pump Seal,9,644.61,5801.49,2024-09-07,Pending,2024-09-07,2024-09-19,2024-09,12,False
ORD-1644,CUST-041,North,Time & Materials,Inspection Visit,6,742.99,4457.94,2024-06-03,Billed,2024-06-03,2024-06-12,2024-06,9,False
ORD-1645,CUST-071,North,Time & Materials,Remote Support,1,1891.07,1891.07,2024-05-23,Billed,2024-05-23,2024-05-26,2024-05,3,True
ORD-1646,CUST-088,West,Service Contract,Basic Plan,7,1065.4,7457.8,2024-12-13,Overdue,2024-12-13,2024-12-27,2024-12,14,False
ORD-1647,CUST-059,West,Service Contract,Enterprise Plan,3,881.61,2644.83,2024-06-08,Overdue,2024-06-08,2024-06-14,2024-06,6,True
ORD-1648,CUST-115,South,Service Contract,Enterprise Plan,3,1183.01,3549.03,2024-12-16,Billed,2024-12-16,2024-12-30,2024-12,14,False
ORD-1649,CUST-036,East,Service Contract,Premium Plan,3,1329.65,3988.95,2024-10-16,Billed,2024-10-16,2024-10-22,2024-10,6,True
ORD-1650,CUST-018,North,Service Contract,Premium Plan,3,1467.81,4403.43,2024-06-12,Pending,2024-06-12,2024-06-19,2024-06,7,True
ORD-1651,CUST-078,West,Time & Materials,On-site Repair,4,258.2,1032.8,2024-04-04,Billed,2024-04-04,2024-04-17,2024-04,13,False
ORD-1652,CUST-069,South,Service Contract,Basic Plan,1,750.56,750.56,2024-12-18,Pending,2024-12-18,2024-12-21,2024-12,3,True
ORD-1653,CUST-129,West,Time & Materials,On-site Repair,7,1008.32,7058.24,2024-03-11,Billed,2024-03-11,2024-03-15,2024-03,4,True
ORD-1654,CUST-058,North,Equipment,Sensor Unit,5,1902.89,9514.45,2024-04-23,Overdue,2024-04-23,2024-05-04,2024-04,11,False
ORD-1655,CUST-052,South,Spare Parts,Pump Seal,8,1740.9,13927.2,2024-09-07,Overdue,2024-09-07,2024-09-13,2024-09,6,True
ORD-1656,CUST-118,South,Equipment,Motor Assembly,1,1235.46,1235.46,2024-07-13,Overdue,2024-07-13,2024-07-19,2024-07,6,True
ORD-1657,CUST-101,North,Spare Parts,Valve Kit,8,1662.67,13301.36,2024-01-22,Billed,2024-01-22,2024-01-31,2024-01,9,False
ORD-1658,CUST-138,West,Spare Parts,Valve Kit,9,1542.06,13878.54,2024-01-26,Billed,2024-01-26,2024-01-31,2024-01,5,True
ORD-1659,CUST-113,West,Time & Materials,Remote Support,8,374.65,2997.2,2024-05-30,Overdue,2024-05-30,2024-05-31,2024-05,1,True
ORD-1660,CUST-133,South,Equipment,Display Panel,8,226.36,1810.88,2024-09-13,Billed,2024-09-13,2024-09-16,2024-09,3,True
ORD-1661,CUST-150,South,Equipment,Motor Assembly,6,929.23,5575.38,2024-04-01,Pending,2024-04-01,2024-04-11,2024-04,10,False
ORD-1662,CUST-052,West,Spare Parts,Control Board,6,1398.85,8393.1,2024-12-30,Billed,2024-12-30,2025-01-11,2024-12,12,False
ORD-1663,CUST-032,North,Spare Parts,Valve Kit,6,216.35,1298.1,2024-12-28,Pending,2024-12-28,2025-01-09,2024-12,12,False
ORD-1664,CUST-131,South,Equipment,Display Panel,7,135.62,949.34,2024-03-28,Pending,2024-03-28,2024-04-07,2024-03,10,False
ORD-1665,CUST-039,South,Service Contract,Basic Plan,1,868.18,868.18,2024-06-07,Overdue,2024-06-07,2024-06-20,2024-06,13,False
ORD-1666,CUST-115,East,Service Contract,Basic Plan,3,1922.85,5768.55,2024-01-02,Overdue,2024-01-02,2024-01-15,2024-01,13,False
ORD-1667,CUST-065,North,Equipment,Motor Assembly,8,1109.83,8878.64,2024-01-03,Overdue,2024-01-03,2024-01-11,2024-01,8,False
ORD-1668,CUST-061,South,Equipment,Motor Assembly,7,911.66,6381.62,2024-11-03,Overdue,2024-11-03,2024-11-04,2024-11,1,True
ORD-1669,CUST-063,East,Service Contract,Basic Plan,3,339.1,1017.3,2024-11-30,Pending,2024-11-30,2024-12-01,2024-11,1,True
ORD-1670,CUST-038,North,Time & Materials,Remote Support,2,145.61,291.22,2024-08-01,Billed,2024-08-01,2024-08-04,2024-08,3,True
ORD-1671,CUST-073,South,Equipment,Display Panel,10,752.37,7523.7,2024-01-19,Billed,2024-01-19,2024-02-01,2024-01,13,False
ORD-1672,CUST-077,East,Time & Materials,Remote Support,2,1528.96,3057.92,2024-10-08,Billed,2024-10-08,2024-10-13,2024-10,5,True
ORD-1673,CUST-121,South,Spare Parts,Control Board,6,1077.75,6466.5,2024-09-25,Billed,2024-09-25,2024-10-07,2024-09,12,False
ORD-1674,CUST-054,North,Spare Parts,Filter Unit,8,1461.94,11695.52,2024-11-05,Overdue,2024-11-05,2024-11-10,2024-11,5,True
ORD-1675,CUST-110,East,Time & Materials,Inspection Visit,10,1990.3,19903.0,2024-06-30,Billed,2024-06-30,2024-07-10,2024-06,10,False
ORD-1676,CUST-145,West,Equipment,Motor Assembly,3,1773.14,5319.42,2024-04-29,Overdue,2024-04-29,2024-05-04,2024-04,5,True
ORD-1677,CUST-050,North,Spare Parts,Filter Unit,8,1269.65,10157.2,2024-03-01,Overdue,2024-03-01,2024-03-15,2024-03,14,False
ORD-1678,CUST-054,West,Equipment,Sensor Unit,6,731.82,4390.92,2024-11-22,Billed,2024-11-22,2024-11-23,2024-11,1,True
ORD-1679,CUST-052,East,Time & Materials,On-site Repair,5,635.55,3177.75,2024-10-08,Pending,2024-10-08,2024-10-21,2024-10,13,False
ORD-1680,CUST-002,North,Time & Materials,Remote Support,7,1462.57,10237.99,2024-11-11,Billed,2024-11-11,2024-11-25,2024-11,14,False
ORD-1681,CUST-045,South,Time & Materials,Remote Support,8,1836.52,14692.16,2024-01-19,Overdue,2024-01-19,2024-01-22,2024-01,3,True
ORD-1682,CUST-124,South,Equipment,Display Panel,6,951.82,5710.92,2024-07-30,Overdue,2024-07-30,2024-07-31,2024-07,1,True
ORD-1683,CUST-134,East,Time & Materials,Inspection Visit,9,86.5,778.5,2024-10-22,Overdue,2024-10-22,2024-10-28,2024-10,6,True
ORD-1684,CUST-091,North,Service Contract,Premium Plan,1,711.35,711.35,2024-07-11,Overdue,2024-07-11,2024-07-20,2024-07,9,False
ORD-1685,CUST-043,West,Service Contract,Enterprise Plan,2,1735.96,3471.92,2024-06-06,Overdue,2024-06-06,2024-06-20,2024-06,14,False
ORD-1686,CUST-081,North,Time & Materials,Remote Support,2,1019.26,2038.52,2024-05-01,Pending,2024-05-01,2024-05-09,2024-05,8,False
ORD-1687,CUST-078,South,Time & Materials,On-site Repair,2,779.72,1559.44,2024-01-20,Billed,2024-01-20,2024-01-22,2024-01,2,True
ORD-1688,CUST-114,North,Equipment,Display Panel,3,420.91,1262.73,2024-09-04,Overdue,2024-09-04,2024-09-18,2024-09,14,False
ORD-1689,CUST-135,East,Time & Materials,On-site Repair,2,1653.17,3306.34,2024-09-21,Overdue,2024-09-21,2024-09-24,2024-09,3,True
ORD-1690,CUST-053,North,Equipment,Motor Assembly,9,275.88,2482.92,2024-06-08,Billed,2024-06-08,2024-06-19,2024-06,11,False
ORD-1691,CUST-023,East,Equipment,Sensor Unit,2,1065.13,2130.26,2024-12-03,Overdue,2024-12-03,2024-12-08,2024-12,5,True
ORD-1692,CUST-006,East,Service Contract,Premium Plan,4,425.46,1701.84,2024-05-21,Overdue,2024-05-21,2024-05-27,2024-05,6,True
ORD-1693,CUST-113,North,Time & Materials,On-site Repair,3,583.59,1750.77,2024-01-08,Overdue,2024-01-08,2024-01-17,2024-01,9,False
ORD-1694,CUST-132,North,Service Contract,Enterprise Plan,6,1121.26,6727.56,2024-05-18,Billed,2024-05-18,2024-05-30,2024-05,12,False
ORD-1695,CUST-073,South,Service Contract,Basic Plan,5,1245.86,6229.3,2024-06-22,Overdue,2024-06-22,2024-06-30,2024-06,8,False
ORD-1696,CUST-013,South,Spare Parts,Valve Kit,1,256.56,256.56,2024-01-28,Billed,2024-01-28,2024-02-04,2024-01,7,True
ORD-1697,CUST-101,South,Equipment,Display Panel,6,659.26,3955.56,2024-04-11,Overdue,2024-04-11,2024-04-24,2024-04,13,False
ORD-1698,CUST-137,North,Equipment,Display Panel,3,231.19,693.57,2024-12-23,Pending,2024-12-23,2024-12-25,2024-12,2,True
ORD-1699,CUST-117,East,Equipment,Motor Assembly,4,1897.52,7590.08,2024-03-14,Overdue,2024-03-14,2024-03-19,2024-03,5,True
ORD-1700,CUST-094,West,Service Contract,Enterprise Plan,6,1588.12,9528.72,2024-06-15,Pending,2024-06-15,2024-06-23,2024-06,8,False
ORD-1701,CUST-008,North,Equipment,Sensor Unit,6,983.37,5900.22,2024-03-28,Pending,2024-03-28,2024-04-10,2024-03,13,False
ORD-1702,CUST-090,South,Spare Parts,Valve Kit,2,685.45,1370.9,2024-11-28,Billed,2024-11-28,2024-12-11,2024-11,13,False
ORD-1703,CUST-078,West,Equipment,Display Panel,7,515.22,3606.54,2024-05-04,Overdue,2024-05-04,2024-05-07,2024-05,3,True
ORD-1704,CUST-124,West,Spare Parts,Control Board,4,1637.14,6548.56,2024-10-29,Pending,2024-10-29,2024-11-11,2024-10,13,False
ORD-1705,CUST-112,East,Service Contract,Basic Plan,2,1491.77,2983.54,2024-12-30,Overdue,2024-12-30,2025-01-13,2024-12,14,False
ORD-1706,CUST-125,North,Equipment,Motor Assembly,9,240.43,2163.87,2024-08-15,Billed,2024-08-15,2024-08-20,2024-08,5,True
ORD-1707,CUST-104,North,Spare Parts,Valve Kit,6,1013.88,6083.28,2024-12-04,Billed,2024-12-04,2024-12-06,2024-12,2,True
ORD-1708,CUST-056,South,Spare Parts,Pump Seal,3,933.3,2799.9,2024-05-29,Pending,2024-05-29,2024-06-08,2024-05,10,False
ORD-1709,CUST-148,West,Service Contract,Basic Plan,6,634.48,3806.88,2024-12-13,Pending,2024-12-13,2024-12-20,2024-12,7,True
ORD-1710,CUST-089,North,Spare Parts,Valve Kit,3,1712.39,5137.17,2024-02-01,Pending,2024-02-01,2024-02-10,2024-02,9,False
ORD-1711,CUST-014,North,Time & Materials,On-site Repair,5,1738.08,8690.4,2024-04-30,Pending,2024-04-30,2024-05-12,2024-04,12,False
ORD-1712,CUST-101,East,Equipment,Motor Assembly,7,898.62,6290.34,2024-04-18,Overdue,2024-04-18,2024-04-21,2024-04,3,True
ORD-1713,CUST-122,South,Service Contract,Enterprise Plan,7,1694.49,11861.43,2024-07-03,Pending,2024-07-03,2024-07-06,2024-07,3,True
ORD-1714,CUST-074,South,Service Contract,Basic Plan,2,1314.36,2628.72,2024-03-14,Overdue,2024-03-14,2024-03-22,2024-03,8,False
ORD-1715,CUST-112,South,Spare Parts,Pump Seal,7,1727.3,12091.1,2024-12-22,Overdue,2024-12-22,2024-12-29,2024-12,7,True
ORD-1716,CUST-047,West,Equipment,Display Panel,8,800.19,6401.52,2024-04-25,Billed,2024-04-25,2024-05-02,2024-04,7,True
ORD-1717,CUST-002,West,Service Contract,Enterprise Plan,9,575.04,5175.36,2024-10-06,Overdue,2024-10-06,2024-10-12,2024-10,6,True
ORD-1718,CUST-009,North,Equipment,Display Panel,6,270.67,1624.02,2024-09-03,Overdue,2024-09-03,2024-09-05,2024-09,2,True
ORD-1719,CUST-037,East,Equipment,Display Panel,2,1070.55,2141.1,2024-11-08,Billed,2024-11-08,2024-11-12,2024-11,4,True
ORD-1720,CUST-121,North,Time & Materials,Inspection Visit,1,1811.99,1811.99,2024-09-30,Billed,2024-09-30,2024-10-08,2024-09,8,False
ORD-1721,CUST-117,West,Time & Materials,Remote Support,6,1923.13,11538.78,2024-05-30,Pending,2024-05-30,2024-06-02,2024-05,3,True
ORD-1722,CUST-010,East,Time & Materials,On-site Repair,8,1177.38,9419.04,2024-10-20,Billed,2024-10-20,2024-10-31,2024-10,11,False
ORD-1723,CUST-075,North,Time & Materials,Remote Support,2,297.3,594.6,2024-02-09,Pending,2024-02-09,2024-02-14,2024-02,5,True
ORD-1724,CUST-034,East,Time & Materials,Remote Support,1,1495.79,1495.79,2024-11-05,Billed,2024-11-05,2024-11-15,2024-11,10,False
ORD-1725,CUST-039,West,Time & Materials,On-site Repair,5,1575.93,7879.65,2024-04-30,Pending,2024-04-30,2024-05-03,2024-04,3,True
ORD-1726,CUST-136,North,Time & Materials,On-site Repair,3,1211.31,3633.93,2024-03-19,Pending,2024-03-19,2024-04-01,2024-03,13,False
ORD-1727,CUST-106,West,Service Contract,Enterprise Plan,8,1465.7,11725.6,2024-03-26,Billed,2024-03-26,2024-04-05,2024-03,10,False
ORD-1728,CUST-089,North,Time & Materials,On-site Repair,1,376.82,376.82,2024-07-23,Pending,2024-07-23,2024-07-28,2024-07,5,True
ORD-1729,CUST-122,South,Equipment,Display Panel,7,975.45,6828.15,2024-03-15,Overdue,2024-03-15,2024-03-29,2024-03,14,False
ORD-1730,CUST-112,North,Time & Materials,Remote Support,7,1373.06,9611.42,2024-09-28,Overdue,2024-09-28,2024-09-29,2024-09,1,True
ORD-1731,CUST-025,East,Equipment,Display Panel,5,703.19,3515.95,2024-05-16,Billed,2024-05-16,2024-05-21,2024-05,5,True
ORD-1732,CUST-150,West,Equipment,Display Panel,4,1481.91,5927.64,2024-10-28,Billed,2024-10-28,2024-11-06,2024-10,9,False
ORD-1733,CUST-087,South,Time & Materials,Inspection Visit,1,1361.96,1361.96,2024-02-04,Billed,2024-02-04,2024-02-11,2024-02,7,True
ORD-1734,CUST-026,North,Equipment,Motor Assembly,4,1464.24,5856.96,2024-05-08,Billed,2024-05-08,2024-05-09,2024-05,1,True
ORD-1735,CUST-007,North,Spare Parts,Pump Seal,10,1294.26,12942.6,2024-12-28,Billed,2024-12-28,2024-12-30,2024-12,2,True
ORD-1736,CUST-034,West,Service Contract,Basic Plan,3,544.0,1632.0,2024-08-27,Overdue,2024-08-27,2024-08-29,2024-08,2,True
ORD-1737,CUST-117,East,Equipment,Display Panel,6,551.81,3310.86,2024-02-07,Pending,2024-02-07,2024-02-20,2024-02,13,False
ORD-1738,CUST-016,West,Equipment,Motor Assembly,1,553.57,553.57,2024-05-15,Billed,2024-05-15,2024-05-23,2024-05,8,False
ORD-1739,CUST-018,West,Service Contract,Enterprise Plan,7,397.96,2785.72,2024-09-08,Billed,2024-09-08,2024-09-11,2024-09,3,True
ORD-1740,CUST-139,West,Service Contract,Enterprise Plan,2,1829.59,3659.18,2024-05-12,Billed,2024-05-12,2024-05-13,2024-05,1,True
ORD-1741,CUST-019,North,Time & Materials,Remote Support,1,1798.2,1798.2,2024-03-17,Overdue,2024-03-17,2024-03-28,2024-03,11,False
ORD-1742,CUST-001,North,Equipment,Motor Assembly,3,1415.11,4245.33,2024-07-19,Overdue,2024-07-19,2024-07-20,2024-07,1,True
ORD-1743,CUST-132,West,Equipment,Motor Assembly,7,1695.9,11871.3,2024-02-05,Overdue,2024-02-05,2024-02-09,2024-02,4,True
ORD-1744,CUST-001,West,Equipment,Sensor Unit,10,1093.84,10938.4,2024-07-02,Pending,2024-07-02,2024-07-13,2024-07,11,False
ORD-1745,CUST-078,West,Spare Parts,Filter Unit,6,1092.52,6555.12,2024-06-23,Billed,2024-06-23,2024-07-07,2024-06,14,False
ORD-1746,CUST-118,East,Service Contract,Basic Plan,9,126.7,1140.3,2024-07-15,Overdue,2024-07-15,2024-07-19,2024-07,4,True
ORD-1747,CUST-077,West,Spare Parts,Control Board,8,215.48,1723.84,2024-11-19,Pending,2024-11-19,2024-12-01,2024-11,12,False
ORD-1748,CUST-049,South,Spare Parts,Pump Seal,1,1453.49,1453.49,2024-10-30,Billed,2024-10-30,2024-11-07,2024-10,8,False
ORD-1749,CUST-100,North,Time & Materials,Remote Support,9,1931.66,17384.94,2024-08-18,Billed,2024-08-18,2024-08-19,2024-08,1,True
ORD-1750,CUST-087,North,Time & Materials,Inspection Visit,1,840.74,840.74,2024-04-18,Overdue,2024-04-18,2024-04-29,2024-04,11,False
ORD-1751,CUST-134,West,Service Contract,Enterprise Plan,10,504.32,5043.2,2024-02-06,Billed,2024-02-06,2024-02-18,2024-02,12,False
ORD-1752,CUST-037,West,Spare Parts,Valve Kit,10,139.31,1393.1,2024-12-25,Overdue,2024-12-25,2024-12-28,2024-12,3,True
ORD-1753,CUST-004,South,Spare Parts,Control Board,2,939.56,1879.12,2024-03-28,Overdue,2024-03-28,2024-03-30,2024-03,2,True
ORD-1754,CUST-028,North,Equipment,Display Panel,10,480.12,4801.2,2024-04-13,Pending,2024-04-13,2024-04-19,2024-04,6,True
ORD-1755,CUST-103,East,Spare Parts,Pump Seal,6,1681.03,10086.18,2024-04-19,Billed,2024-04-19,2024-04-29,2024-04,10,False
ORD-1756,CUST-045,East,Spare Parts,Filter Unit,5,325.41,1627.05,2024-07-31,Billed,2024-07-31,2024-08-12,2024-07,12,False
ORD-1757,CUST-095,South,Equipment,Sensor Unit,10,129.36,1293.6,2024-02-21,Overdue,2024-02-21,2024-03-02,2024-02,10,False
ORD-1758,CUST-097,South,Spare Parts,Valve Kit,2,62.38,124.76,2024-04-01,Billed,2024-04-01,2024-04-13,2024-04,12,False
ORD-1759,CUST-073,West,Equipment,Display Panel,3,452.01,1356.03,2024-11-23,Pending,2024-11-23,2024-12-02,2024-11,9,False
ORD-1760,CUST-116,West,Service Contract,Basic Plan,10,1398.76,13987.6,2024-11-01,Billed,2024-11-01,2024-11-13,2024-11,12,False
ORD-1761,CUST-128,North,Time & Materials,Remote Support,7,58.91,412.37,2024-04-30,Billed,2024-04-30,2024-05-02,2024-04,2,True
ORD-1762,CUST-136,North,Time & Materials,Inspection Visit,9,477.59,4298.31,2024-11-16,Overdue,2024-11-16,2024-11-20,2024-11,4,True
ORD-1763,CUST-071,North,Service Contract,Basic Plan,3,1386.23,4158.69,2024-08-30,Pending,2024-08-30,2024-09-02,2024-08,3,True
ORD-1764,CUST-041,North,Spare Parts,Control Board,5,458.7,2293.5,2024-05-08,Pending,2024-05-08,2024-05-18,2024-05,10,False
ORD-1765,CUST-117,North,Spare Parts,Filter Unit,9,392.98,3536.82,2024-01-15,Pending,2024-01-15,2024-01-24,2024-01,9,False
ORD-1766,CUST-030,North,Service Contract,Enterprise Plan,8,1205.78,9646.24,2024-06-15,Pending,2024-06-15,2024-06-19,2024-06,4,True
ORD-1767,CUST-084,South,Spare Parts,Control Board,4,241.23,964.92,2024-07-30,Billed,2024-07-30,2024-08-06,2024-07,7,True
ORD-1768,CUST-057,North,Equipment,Display Panel,8,155.96,1247.68,2024-08-11,Billed,2024-08-11,2024-08-15,2024-08,4,True
ORD-1769,CUST-117,South,Equipment,Motor Assembly,3,942.59,2827.77,2024-04-09,Overdue,2024-04-09,2024-04-15,2024-04,6,True
ORD-1770,CUST-070,South,Time & Materials,On-site Repair,1,1399.81,1399.81,2024-01-31,Pending,2024-01-31,2024-02-03,2024-01,3,True
ORD-1771,CUST-029,West,Equipment,Motor Assembly,3,1532.66,4597.98,2024-04-22,Pending,2024-04-22,2024-05-02,2024-04,10,False
ORD-1772,CUST-041,South,Service Contract,Basic Plan,7,1721.1,12047.7,2024-09-07,Billed,2024-09-07,2024-09-17,2024-09,10,False
ORD-1773,CUST-122,West,Time & Materials,On-site Repair,7,1485.55,10398.85,2024-05-06,Billed,2024-05-06,2024-05-12,2024-05,6,True
ORD-1774,CUST-112,South,Service Contract,Enterprise Plan,1,864.66,864.66,2024-01-23,Billed,2024-01-23,2024-01-31,2024-01,8,False
ORD-1775,CUST-130,North,Equipment,Display Panel,7,984.58,6892.06,2024-12-22,Billed,2024-12-22,2024-12-30,2024-12,8,False
ORD-1776,CUST-127,South,Spare Parts,Filter Unit,7,1902.37,13316.59,2024-03-08,Pending,2024-03-08,2024-03-13,2024-03,5,True
ORD-1777,CUST-062,North,Spare Parts,Valve Kit,5,365.52,1827.6,2024-08-23,Overdue,2024-08-23,2024-09-04,2024-08,12,False
ORD-1778,CUST-150,North,Equipment,Motor Assembly,3,1754.69,5264.07,2024-07-26,Billed,2024-07-26,2024-08-08,2024-07,13,False
ORD-1779,CUST-095,West,Spare Parts,Filter Unit,7,1792.2,12545.4,2024-06-19,Overdue,2024-06-19,2024-06-20,2024-06,1,True
ORD-1780,CUST-076,West,Time & Materials,Inspection Visit,10,1107.75,11077.5,2024-04-16,Overdue,2024-04-16,2024-04-18,2024-04,2,True
ORD-1781,CUST-086,North,Time & Materials,On-site Repair,2,796.76,1593.52,2024-08-26,Overdue,2024-08-26,2024-08-27,2024-08,1,True
ORD-1782,CUST-094,East,Service Contract,Enterprise Plan,9,1424.5,12820.5,2024-10-14,Overdue,2024-10-14,2024-10-27,2024-10,13,False
ORD-1783,CUST-053,South,Time & Materials,On-site Repair,9,271.44,2442.96,2024-09-01,Overdue,2024-09-01,2024-09-14,2024-09,13,False
ORD-1784,CUST-149,South,Service Contract,Premium Plan,6,1800.97,10805.82,2024-09-14,Overdue,2024-09-14,2024-09-21,2024-09,7,True
ORD-1785,CUST-071,North,Spare Parts,Control Board,6,932.2,5593.2,2024-09-13,Overdue,2024-09-13,2024-09-27,2024-09,14,False
ORD-1786,CUST-032,West,Time & Materials,Remote Support,10,767.88,7678.8,2024-12-10,Overdue,2024-12-10,2024-12-23,2024-12,13,False
ORD-1787,CUST-017,South,Equipment,Sensor Unit,2,811.83,1623.66,2024-04-01,Pending,2024-04-01,2024-04-03,2024-04,2,True
ORD-1788,CUST-028,South,Time & Materials,On-site Repair,3,1017.84,3053.52,2024-04-14,Overdue,2024-04-14,2024-04-25,2024-04,11,False
ORD-1789,CUST-006,East,Equipment,Display Panel,9,1866.86,16801.74,2024-08-30,Pending,2024-08-30,2024-09-06,2024-08,7,True
ORD-1790,CUST-114,North,Time & Materials,On-site Repair,2,92.97,185.94,2024-04-28,Overdue,2024-04-28,2024-05-09,2024-04,11,False
ORD-1791,CUST-086,West,Time & Materials,Inspection Visit,6,997.99,5987.94,2024-12-06,Overdue,2024-12-06,2024-12-15,2024-12,9,False
ORD-1792,CUST-141,West,Equipment,Motor Assembly,10,307.31,3073.1,2024-06-05,Billed,2024-06-05,2024-06-18,2024-06,13,False
ORD-1793,CUST-067,South,Equipment,Motor Assembly,5,1551.01,7755.05,2024-01-25,Billed,2024-01-25,2024-01-31,2024-01,6,True
ORD-1794,CUST-073,West,Service Contract,Enterprise Plan,3,1438.03,4314.09,2024-05-26,Billed,2024-05-26,2024-05-29,2024-05,3,True
ORD-1795,CUST-040,South,Service Contract,Basic Plan,1,1987.86,1987.86,2024-10-21,Billed,2024-10-21,2024-10-29,2024-10,8,False
ORD-1796,CUST-067,East,Service Contract,Basic Plan,9,1428.91,12860.19,2024-12-06,Pending,2024-12-06,2024-12-12,2024-12,6,True
ORD-1797,CUST-038,East,Equipment,Display Panel,3,1090.6,3271.8,2024-03-03,Billed,2024-03-03,2024-03-10,2024-03,7,True
ORD-1798,CUST-128,South,Equipment,Motor Assembly,3,58.37,175.11,2024-10-06,Overdue,2024-10-06,2024-10-12,2024-10,6,True
ORD-1799,CUST-076,West,Time & Materials,Inspection Visit,3,1609.17,4827.51,2024-08-14,Pending,2024-08-14,2024-08-26,2024-08,12,False
ORD-1800,CUST-029,West,Spare Parts,Pump Seal,9,277.91,2501.19,2024-01-13,Pending,2024-01-13,2024-01-23,2024-01,10,False
ORD-1801,CUST-057,West,Time & Materials,On-site Repair,6,157.32,943.92,2024-11-24,Billed,2024-11-24,2024-12-04,2024-11,10,False
ORD-1802,CUST-135,South,Time & Materials,On-site Repair,1,213.0,213.0,2024-08-16,Overdue,2024-08-16,2024-08-27,2024-08,11,False
ORD-1803,CUST-023,West,Service Contract,Premium Plan,6,1226.19,7357.14,2024-09-18,Billed,2024-09-18,2024-09-29,2024-09,11,False
ORD-1804,CUST-093,West,Service Contract,Enterprise Plan,7,770.78,5395.46,2024-07-09,Billed,2024-07-09,2024-07-14,2024-07,5,True
ORD-1805,CUST-089,East,Time & Materials,Remote Support,9,220.82,1987.38,2024-08-15,Overdue,2024-08-15,2024-08-22,2024-08,7,True
ORD-1806,CUST-114,East,Service Contract,Enterprise Plan,7,1470.78,10295.46,2024-07-31,Billed,2024-07-31,2024-08-14,2024-07,14,False
ORD-1807,CUST-023,South,Service Contract,Premium Plan,8,1977.35,15818.8,2024-09-25,Pending,2024-09-25,2024-09-27,2024-09,2,True
ORD-1808,CUST-097,North,Spare Parts,Valve Kit,5,858.3,4291.5,2024-10-11,Pending,2024-10-11,2024-10-23,2024-10,12,False
ORD-1809,CUST-146,South,Service Contract,Basic Plan,7,614.45,4301.15,2024-09-08,Billed,2024-09-08,2024-09-22,2024-09,14,False
ORD-1810,CUST-078,East,Equipment,Display Panel,8,487.81,3902.48,2024-01-02,Billed,2024-01-02,2024-01-07,2024-01,5,True
ORD-1811,CUST-077,West,Spare Parts,Control Board,7,399.78,2798.46,2024-12-18,Overdue,2024-12-18,2024-12-22,2024-12,4,True
ORD-1812,CUST-008,North,Time & Materials,Remote Support,2,1217.84,2435.68,2024-07-04,Overdue,2024-07-04,2024-07-12,2024-07,8,False
ORD-1813,CUST-145,West,Time & Materials,Inspection Visit,8,1949.8,15598.4,2024-03-02,Pending,2024-03-02,2024-03-11,2024-03,9,False
ORD-1814,CUST-148,North,Time & Materials,On-site Repair,10,164.1,1641.0,2024-06-12,Pending,2024-06-12,2024-06-24,2024-06,12,False
ORD-1815,CUST-035,East,Service Contract,Basic Plan,5,754.27,3771.35,2024-11-21,Pending,2024-11-21,2024-11-22,2024-11,1,True
ORD-1816,CUST-075,East,Spare Parts,Pump Seal,3,1541.14,4623.42,2024-11-02,Billed,2024-11-02,2024-11-11,2024-11,9,False
ORD-1817,CUST-083,East,Time & Materials,Remote Support,6,236.88,1421.28,2024-10-23,Pending,2024-10-23,2024-11-06,2024-10,14,False
ORD-1818,CUST-037,North,Service Contract,Enterprise Plan,5,777.38,3886.9,2024-09-05,Pending,2024-09-05,2024-09-11,2024-09,6,True
ORD-1819,CUST-042,North,Service Contract,Basic Plan,9,481.17,4330.53,2024-04-06,Overdue,2024-04-06,2024-04-16,2024-04,10,False
ORD-1820,CUST-135,North,Equipment,Motor Assembly,2,277.3,554.6,2024-03-08,Billed,2024-03-08,2024-03-16,2024-03,8,False
ORD-1821,CUST-090,East,Time & Materials,On-site Repair,8,1784.97,14279.76,2024-11-01,Overdue,2024-11-01,2024-11-14,2024-11,13,False
ORD-1822,CUST-088,South,Time & Materials,On-site Repair,2,483.6,967.2,2024-12-21,Billed,2024-12-21,2025-01-02,2024-12,12,False
ORD-1823,CUST-059,East,Service Contract,Basic Plan,3,1963.16,5889.48,2024-08-05,Overdue,2024-08-05,2024-08-18,2024-08,13,False
ORD-1824,CUST-029,North,Spare Parts,Valve Kit,7,132.91,930.37,2024-02-25,Billed,2024-02-25,2024-03-09,2024-02,13,False
ORD-1825,CUST-132,North,Equipment,Sensor Unit,5,134.4,672.0,2024-06-03,Overdue,2024-06-03,2024-06-04,2024-06,1,True
ORD-1826,CUST-025,North,Service Contract,Enterprise Plan,4,410.32,1641.28,2024-06-28,Billed,2024-06-28,2024-06-30,2024-06,2,True
ORD-1827,CUST-038,East,Time & Materials,Remote Support,3,1717.52,5152.56,2024-11-09,Billed,2024-11-09,2024-11-18,2024-11,9,False
ORD-1828,CUST-146,North,Spare Parts,Filter Unit,9,473.15,4258.35,2024-04-08,Pending,2024-04-08,2024-04-11,2024-04,3,True
ORD-1829,CUST-138,North,Spare Parts,Pump Seal,9,1710.03,15390.27,2024-08-31,Pending,2024-08-31,2024-09-12,2024-08,12,False
ORD-1830,CUST-048,West,Spare Parts,Pump Seal,6,1963.54,11781.24,2024-08-05,Billed,2024-08-05,2024-08-14,2024-08,9,False
ORD-1831,CUST-059,West,Spare Parts,Control Board,2,958.51,1917.02,2024-09-23,Billed,2024-09-23,2024-10-01,2024-09,8,False
ORD-1832,CUST-093,East,Spare Parts,Filter Unit,6,1012.74,6076.44,2024-07-16,Pending,2024-07-16,2024-07-24,2024-07,8,False
ORD-1833,CUST-080,West,Service Contract,Enterprise Plan,7,616.65,4316.55,2024-08-07,Billed,2024-08-07,2024-08-21,2024-08,14,False
ORD-1834,CUST-018,West,Time & Materials,On-site Repair,1,1997.51,1997.51,2024-09-08,Overdue,2024-09-08,2024-09-10,2024-09,2,True
ORD-1835,CUST-102,West,Spare Parts,Filter Unit,3,819.88,2459.64,2024-12-21,Overdue,2024-12-21,2024-12-23,2024-12,2,True
ORD-1836,CUST-044,North,Time & Materials,On-site Repair,6,440.51,2643.06,2024-07-25,Billed,2024-07-25,2024-07-29,2024-07,4,True
ORD-1837,CUST-109,West,Time & Materials,Inspection Visit,10,1207.62,12076.2,2024-11-25,Pending,2024-11-25,2024-12-01,2024-11,6,True
ORD-1838,CUST-122,West,Equipment,Display Panel,5,337.38,1686.9,2024-08-20,Billed,2024-08-20,2024-08-22,2024-08,2,True
ORD-1839,CUST-065,West,Equipment,Sensor Unit,3,107.96,323.88,2024-01-28,Billed,2024-01-28,2024-02-05,2024-01,8,False
ORD-1840,CUST-007,South,Equipment,Display Panel,6,347.84,2087.04,2024-11-14,Overdue,2024-11-14,2024-11-16,2024-11,2,True
ORD-1841,CUST-020,West,Equipment,Sensor Unit,5,1341.08,6705.4,2024-09-08,Overdue,2024-09-08,2024-09-13,2024-09,5,True
ORD-1842,CUST-139,East,Spare Parts,Filter Unit,7,1766.25,12363.75,2024-03-01,Pending,2024-03-01,2024-03-09,2024-03,8,False
ORD-1843,CUST-081,West,Equipment,Motor Assembly,1,114.08,114.08,2024-10-12,Overdue,2024-10-12,2024-10-26,2024-10,14,False
ORD-1844,CUST-078,South,Equipment,Motor Assembly,3,659.3,1977.9,2024-07-18,Pending,2024-07-18,2024-07-31,2024-07,13,False
ORD-1845,CUST-029,West,Equipment,Motor Assembly,9,1715.99,15443.91,2024-09-16,Billed,2024-09-16,2024-09-23,2024-09,7,True
ORD-1846,CUST-068,West,Equipment,Display Panel,6,1544.62,9267.72,2024-05-25,Pending,2024-05-25,2024-05-26,2024-05,1,True
ORD-1847,CUST-008,North,Service Contract,Premium Plan,6,1628.63,9771.78,2024-10-25,Billed,2024-10-25,2024-11-07,2024-10,13,False
ORD-1848,CUST-088,West,Spare Parts,Valve Kit,6,1984.29,11905.74,2024-07-29,Pending,2024-07-29,2024-07-30,2024-07,1,True
ORD-1849,CUST-063,South,Service Contract,Enterprise Plan,5,1205.44,6027.2,2024-12-18,Billed,2024-12-18,2025-01-01,2024-12,14,False
ORD-1850,CUST-079,North,Time & Materials,On-site Repair,1,1099.91,1099.91,2024-01-20,Pending,2024-01-20,2024-01-31,2024-01,11,False
ORD-1851,CUST-109,West,Time & Materials,On-site Repair,8,1196.58,9572.64,2024-06-11,Pending,2024-06-11,2024-06-21,2024-06,10,False
ORD-1852,CUST-100,East,Spare Parts,Valve Kit,2,1397.18,2794.36,2024-04-15,Pending,2024-04-15,2024-04-23,2024-04,8,False
ORD-1853,CUST-129,East,Service Contract,Enterprise Plan,5,758.5,3792.5,2024-08-11,Billed,2024-08-11,2024-08-19,2024-08,8,False
ORD-1854,CUST-020,South,Time & Materials,Remote Support,1,629.77,629.77,2024-10-20,Pending,2024-10-20,2024-11-02,2024-10,13,False
ORD-1855,CUST-058,North,Spare Parts,Control Board,5,181.18,905.9,2024-09-28,Pending,2024-09-28,2024-10-05,2024-09,7,True
ORD-1856,CUST-054,East,Spare Parts,Control Board,9,1618.05,14562.45,2024-08-09,Overdue,2024-08-09,2024-08-18,2024-08,9,False
ORD-1857,CUST-081,South,Equipment,Motor Assembly,5,1268.68,6343.4,2024-08-20,Overdue,2024-08-20,2024-09-02,2024-08,13,False
ORD-1858,CUST-141,South,Spare Parts,Pump Seal,10,1023.45,10234.5,2024-12-04,Overdue,2024-12-04,2024-12-12,2024-12,8,False
ORD-1859,CUST-069,West,Spare Parts,Pump Seal,6,951.85,5711.1,2024-05-03,Billed,2024-05-03,2024-05-15,2024-05,12,False
ORD-1860,CUST-077,West,Equipment,Motor Assembly,2,1286.16,2572.32,2024-07-30,Pending,2024-07-30,2024-08-13,2024-07,14,False
ORD-1861,CUST-074,South,Time & Materials,Inspection Visit,10,510.45,5104.5,2024-05-02,Billed,2024-05-02,2024-05-05,2024-05,3,True
ORD-1862,CUST-050,North,Service Contract,Premium Plan,8,996.5,7972.0,2024-08-11,Pending,2024-08-11,2024-08-22,2024-08,11,False
ORD-1863,CUST-010,South,Service Contract,Premium Plan,3,106.83,320.49,2024-05-22,Overdue,2024-05-22,2024-05-31,2024-05,9,False
ORD-1864,CUST-046,North,Equipment,Sensor Unit,1,1726.19,1726.19,2024-02-12,Pending,2024-02-12,2024-02-22,2024-02,10,False
ORD-1865,CUST-077,North,Equipment,Motor Assembly,2,823.95,1647.9,2024-03-12,Billed,2024-03-12,2024-03-14,2024-03,2,True
ORD-1866,CUST-147,North,Time & Materials,Remote Support,2,514.25,1028.5,2024-03-03,Pending,2024-03-03,2024-03-09,2024-03,6,True
ORD-1867,CUST-150,West,Service Contract,Premium Plan,4,331.34,1325.36,2024-03-30,Billed,2024-03-30,2024-04-04,2024-03,5,True
ORD-1868,CUST-113,West,Time & Materials,Inspection Visit,1,1006.2,1006.2,2024-07-10,Overdue,2024-07-10,2024-07-12,2024-07,2,True
ORD-1869,CUST-082,West,Equipment,Display Panel,4,1928.46,7713.84,2024-03-15,Pending,2024-03-15,2024-03-23,2024-03,8,False
ORD-1870,CUST-095,East,Spare Parts,Filter Unit,1,1396.83,1396.83,2024-12-09,Billed,2024-12-09,2024-12-14,2024-12,5,True
ORD-1871,CUST-142,West,Time & Materials,Inspection Visit,6,1811.16,10866.96,2024-12-16,Billed,2024-12-16,2024-12-25,2024-12,9,False
ORD-1872,CUST-061,West,Equipment,Sensor Unit,7,1858.64,13010.48,2024-05-10,Pending,2024-05-10,2024-05-12,2024-05,2,True
ORD-1873,CUST-061,East,Service Contract,Basic Plan,8,1281.14,10249.12,2024-11-25,Pending,2024-11-25,2024-12-08,2024-11,13,False
ORD-1874,CUST-009,East,Spare Parts,Valve Kit,8,1487.04,11896.32,2024-06-19,Overdue,2024-06-19,2024-06-26,2024-06,7,True
ORD-1875,CUST-026,South,Time & Materials,Inspection Visit,2,736.12,1472.24,2024-11-04,Overdue,2024-11-04,2024-11-18,2024-11,14,False
ORD-1876,CUST-141,East,Equipment,Display Panel,1,1535.85,1535.85,2024-11-24,Overdue,2024-11-24,2024-11-27,2024-11,3,True
ORD-1877,CUST-114,South,Spare Parts,Valve Kit,4,1275.18,5100.72,2024-06-09,Overdue,2024-06-09,2024-06-11,2024-06,2,True
ORD-1878,CUST-029,South,Service Contract,Enterprise Plan,3,1701.57,5104.71,2024-12-17,Pending,2024-12-17,2024-12-30,2024-12,13,False
ORD-1879,CUST-082,West,Equipment,Display Panel,3,558.33,1674.99,2024-12-17,Overdue,2024-12-17,2024-12-31,2024-12,14,False
ORD-1880,CUST-084,East,Service Contract,Basic Plan,7,766.82,5367.74,2024-07-20,Pending,2024-07-20,2024-08-03,2024-07,14,False
ORD-1881,CUST-147,South,Spare Parts,Filter Unit,9,1311.86,11806.74,2024-11-16,Billed,2024-11-16,2024-11-18,2024-11,2,True
ORD-1882,CUST-119,South,Time & Materials,Inspection Visit,3,147.08,441.24,2024-11-12,Pending,2024-11-12,2024-11-22,2024-11,10,False
ORD-1883,CUST-067,South,Spare Parts,Control Board,3,1897.12,5691.36,2024-03-01,Billed,2024-03-01,2024-03-13,2024-03,12,False
ORD-1884,CUST-135,West,Equipment,Display Panel,8,281.1,2248.8,2024-12-31,Billed,2024-12-31,2025-01-04,2024-12,4,True
ORD-1885,CUST-069,East,Equipment,Motor Assembly,3,891.05,2673.15,2024-04-15,Overdue,2024-04-15,2024-04-19,2024-04,4,True
ORD-1886,CUST-073,South,Equipment,Sensor Unit,7,1595.3,11167.1,2024-01-15,Pending,2024-01-15,2024-01-20,2024-01,5,True
ORD-1887,CUST-061,West,Service Contract,Premium Plan,10,1384.32,13843.2,2024-08-22,Billed,2024-08-22,2024-08-23,2024-08,1,True
ORD-1888,CUST-121,South,Time & Materials,Inspection Visit,7,1389.36,9725.52,2024-12-31,Pending,2024-12-31,2025-01-12,2024-12,12,False
ORD-1889,CUST-109,East,Spare Parts,Filter Unit,9,164.57,1481.13,2024-06-19,Billed,2024-06-19,2024-06-27,2024-06,8,False
ORD-1890,CUST-091,North,Spare Parts,Control Board,9,1258.33,11324.97,2024-06-03,Pending,2024-06-03,2024-06-14,2024-06,11,False
ORD-1891,CUST-095,South,Spare Parts,Pump Seal,5,381.24,1906.2,2024-09-09,Pending,2024-09-09,2024-09-17,2024-09,8,False
ORD-1892,CUST-034,North,Time & Materials,Inspection Visit,9,894.21,8047.89,2024-05-13,Billed,2024-05-13,2024-05-19,2024-05,6,True
ORD-1893,CUST-012,South,Equipment,Motor Assembly,6,1856.16,11136.96,2024-05-24,Pending,2024-05-24,2024-06-03,2024-05,10,False
ORD-1894,CUST-068,East,Equipment,Sensor Unit,6,1486.9,8921.4,2024-09-08,Billed,2024-09-08,2024-09-17,2024-09,9,False
ORD-1895,CUST-113,North,Service Contract,Basic Plan,1,498.23,498.23,2024-01-19,Pending,2024-01-19,2024-01-24,2024-01,5,True
ORD-1896,CUST-042,West,Equipment,Sensor Unit,8,129.54,1036.32,2024-07-01,Overdue,2024-07-01,2024-07-10,2024-07,9,False
ORD-1897,CUST-125,West,Equipment,Sensor Unit,3,291.13,873.39,2024-02-17,Billed,2024-02-17,2024-03-02,2024-02,14,False
ORD-1898,CUST-073,South,Service Contract,Enterprise Plan,9,1654.01,14886.09,2024-10-15,Overdue,2024-10-15,2024-10-25,2024-10,10,False
ORD-1899,CUST-055,North,Service Contract,Premium Plan,2,530.01,1060.02,2024-09-12,Overdue,2024-09-12,2024-09-14,2024-09,2,True
ORD-1900,CUST-085,North,Time & Materials,Inspection Visit,2,818.63,1637.26,2024-10-29,Billed,2024-10-29,2024-11-12,2024-10,14,False
ORD-1901,CUST-083,South,Spare Parts,Filter Unit,8,1669.86,13358.88,2024-12-03,Pending,2024-12-03,2024-12-11,2024-12,8,False
ORD-1902,CUST-069,North,Time & Materials,On-site Repair,10,1904.25,19042.5,2024-06-15,Overdue,2024-06-15,2024-06-27,2024-06,12,False
ORD-1903,CUST-146,South,Service Contract,Basic Plan,5,680.18,3400.9,2024-01-29,Overdue,2024-01-29,2024-01-31,2024-01,2,True
ORD-1904,CUST-141,West,Spare Parts,Valve Kit,5,397.12,1985.6,2024-07-23,Billed,2024-07-23,2024-07-24,2024-07,1,True
ORD-1905,CUST-054,South,Equipment,Motor Assembly,5,1311.98,6559.9,2024-11-30,Billed,2024-11-30,2024-12-02,2024-11,2,True
ORD-1906,CUST-077,West,Equipment,Display Panel,5,1812.28,9061.4,2024-11-04,Billed,2024-11-04,2024-11-10,2024-11,6,True
ORD-1907,CUST-025,East,Service Contract,Premium Plan,8,1776.56,14212.48,2024-08-31,Pending,2024-08-31,2024-09-10,2024-08,10,False
ORD-1908,CUST-109,North,Equipment,Motor Assembly,10,413.39,4133.9,2024-11-18,Pending,2024-11-18,2024-11-20,2024-11,2,True
ORD-1909,CUST-011,East,Equipment,Display Panel,4,1312.84,5251.36,2024-12-31,Billed,2024-12-31,2025-01-08,2024-12,8,False
ORD-1910,CUST-135,North,Time & Materials,Remote Support,7,204.41,1430.87,2024-09-01,Pending,2024-09-01,2024-09-04,2024-09,3,True
ORD-1911,CUST-033,East,Service Contract,Enterprise Plan,7,626.19,4383.33,2024-01-25,Overdue,2024-01-25,2024-01-27,2024-01,2,True
ORD-1912,CUST-012,North,Equipment,Motor Assembly,2,956.08,1912.16,2024-10-18,Pending,2024-10-18,2024-10-24,2024-10,6,True
ORD-1913,CUST-066,North,Spare Parts,Filter Unit,8,400.13,3201.04,2024-04-03,Pending,2024-04-03,2024-04-04,2024-04,1,True
ORD-1914,CUST-022,West,Time & Materials,Remote Support,10,1461.98,14619.8,2024-12-09,Pending,2024-12-09,2024-12-19,2024-12,10,False
ORD-1915,CUST-068,East,Service Contract,Basic Plan,3,202.53,607.59,2024-11-05,Pending,2024-11-05,2024-11-19,2024-11,14,False
ORD-1916,CUST-028,West,Spare Parts,Filter Unit,7,277.52,1942.64,2024-03-28,Overdue,2024-03-28,2024-04-05,2024-03,8,False
ORD-1917,CUST-118,West,Equipment,Motor Assembly,10,1635.61,16356.1,2024-11-11,Pending,2024-11-11,2024-11-23,2024-11,12,False
ORD-1918,CUST-102,East,Spare Parts,Pump Seal,3,77.06,231.18,2024-02-27,Billed,2024-02-27,2024-03-10,2024-02,12,False
ORD-1919,CUST-049,North,Service Contract,Premium Plan,3,1316.99,3950.97,2024-08-11,Overdue,2024-08-11,2024-08-25,2024-08,14,False
ORD-1920,CUST-138,South,Spare Parts,Control Board,8,338.92,2711.36,2024-08-04,Billed,2024-08-04,2024-08-06,2024-08,2,True
ORD-1921,CUST-043,South,Equipment,Motor Assembly,8,88.27,706.16,2024-08-18,Overdue,2024-08-18,2024-08-22,2024-08,4,True
ORD-1922,CUST-052,East,Equipment,Sensor Unit,6,65.35,392.1,2024-11-18,Overdue,2024-11-18,2024-11-25,2024-11,7,True
ORD-1923,CUST-107,West,Time & Materials,On-site Repair,8,829.38,6635.04,2024-09-19,Overdue,2024-09-19,2024-10-01,2024-09,12,False
ORD-1924,CUST-125,South,Spare Parts,Filter Unit,7,1173.99,8217.93,2024-10-10,Billed,2024-10-10,2024-10-15,2024-10,5,True
ORD-1925,CUST-107,West,Spare Parts,Valve Kit,10,1880.98,18809.8,2024-06-26,Pending,2024-06-26,2024-07-08,2024-06,12,False
ORD-1926,CUST-112,North,Service Contract,Premium Plan,4,965.02,3860.08,2024-08-12,Billed,2024-08-12,2024-08-21,2024-08,9,False
ORD-1927,CUST-057,East,Equipment,Sensor Unit,5,1459.84,7299.2,2024-07-18,Pending,2024-07-18,2024-08-01,2024-07,14,False
ORD-1928,CUST-093,West,Service Contract,Enterprise Plan,4,600.79,2403.16,2024-02-14,Overdue,2024-02-14,2024-02-22,2024-02,8,False
ORD-1929,CUST-034,South,Service Contract,Basic Plan,10,1009.76,10097.6,2024-07-31,Pending,2024-07-31,2024-08-05,2024-07,5,True
ORD-1930,CUST-061,South,Spare Parts,Filter Unit,6,1767.77,10606.62,2024-07-01,Overdue,2024-07-01,2024-07-04,2024-07,3,True
ORD-1931,CUST-045,North,Spare Parts,Control Board,7,272.24,1905.68,2024-04-26,Billed,2024-04-26,2024-05-05,2024-04,9,False
ORD-1932,CUST-058,West,Time & Materials,Remote Support,6,1550.28,9301.68,2024-10-12,Pending,2024-10-12,2024-10-15,2024-10,3,True
ORD-1933,CUST-132,North,Spare Parts,Valve Kit,8,1927.16,15417.28,2024-02-26,Billed,2024-02-26,2024-03-10,2024-02,13,False
ORD-1934,CUST-027,North,Spare Parts,Pump Seal,2,1748.2,3496.4,2024-07-04,Billed,2024-07-04,2024-07-16,2024-07,12,False
ORD-1935,CUST-075,West,Equipment,Display Panel,2,350.88,701.76,2024-07-05,Pending,2024-07-05,2024-07-19,2024-07,14,False
ORD-1936,CUST-036,North,Service Contract,Premium Plan,7,1549.98,10849.86,2024-01-04,Billed,2024-01-04,2024-01-18,2024-01,14,False
ORD-1937,CUST-122,East,Time & Materials,Inspection Visit,3,216.21,648.63,2024-07-09,Overdue,2024-07-09,2024-07-22,2024-07,13,False
ORD-1938,CUST-107,East,Service Contract,Basic Plan,9,872.36,7851.24,2024-04-26,Billed,2024-04-26,2024-05-09,2024-04,13,False
ORD-1939,CUST-110,West,Equipment,Motor Assembly,9,1599.48,14395.32,2024-07-04,Billed,2024-07-04,2024-07-12,2024-07,8,False
ORD-1940,CUST-038,North,Spare Parts,Filter Unit,6,663.87,3983.22,2024-03-25,Pending,2024-03-25,2024-03-26,2024-03,1,True
ORD-1941,CUST-101,North,Service Contract,Enterprise Plan,1,1956.58,1956.58,2024-12-31,Overdue,2024-12-31,2025-01-09,2024-12,9,False
ORD-1942,CUST-076,West,Equipment,Display Panel,9,1753.42,15780.78,2024-06-09,Pending,2024-06-09,2024-06-10,2024-06,1,True
ORD-1943,CUST-072,South,Equipment,Motor Assembly,4,1780.78,7123.12,2024-11-15,Overdue,2024-11-15,2024-11-26,2024-11,11,False
ORD-1944,CUST-114,East,Equipment,Sensor Unit,5,214.35,1071.75,2024-10-02,Pending,2024-10-02,2024-10-09,2024-10,7,True
ORD-1945,CUST-033,East,Service Contract,Basic Plan,9,1125.98,10133.82,2024-09-23,Pending,2024-09-23,2024-10-06,2024-09,13,False
ORD-1946,CUST-041,North,Spare Parts,Control Board,4,1672.85,6691.4,2024-06-04,Overdue,2024-06-04,2024-06-11,2024-06,7,True
ORD-1947,CUST-130,North,Spare Parts,Control Board,5,1272.63,6363.15,2024-06-30,Billed,2024-06-30,2024-07-01,2024-06,1,True
ORD-1948,CUST-032,West,Time & Materials,Inspection Visit,1,933.64,933.64,2024-04-30,Overdue,2024-04-30,2024-05-10,2024-04,10,False
ORD-1949,CUST-145,South,Time & Materials,Remote Support,5,1350.5,6752.5,2024-10-20,Overdue,2024-10-20,2024-10-23,2024-10,3,True
ORD-1950,CUST-097,South,Spare Parts,Control Board,9,1185.62,10670.58,2024-07-03,Pending,2024-07-03,2024-07-05,2024-07,2,True
ORD-1951,CUST-038,West,Equipment,Sensor Unit,2,171.28,342.56,2024-03-07,Pending,2024-03-07,2024-03-11,2024-03,4,True
ORD-1952,CUST-115,North,Time & Materials,Inspection Visit,9,835.37,7518.33,2024-10-13,Overdue,2024-10-13,2024-10-26,2024-10,13,False
ORD-1953,CUST-102,East,Equipment,Display Panel,7,1993.2,13952.4,2024-12-18,Pending,2024-12-18,2024-12-30,2024-12,12,False
ORD-1954,CUST-107,South,Service Contract,Enterprise Plan,3,995.29,2985.87,2024-08-22,Billed,2024-08-22,2024-09-03,2024-08,12,False
ORD-1955,CUST-132,North,Service Contract,Premium Plan,8,113.58,908.64,2024-03-21,Overdue,2024-03-21,2024-03-27,2024-03,6,True
ORD-1956,CUST-031,West,Spare Parts,Filter Unit,6,1164.94,6989.64,2024-01-21,Overdue,2024-01-21,2024-01-24,2024-01,3,True
ORD-1957,CUST-031,East,Time & Materials,Remote Support,5,623.26,3116.3,2024-01-15,Billed,2024-01-15,2024-01-18,2024-01,3,True
ORD-1958,CUST-108,North,Time & Materials,Remote Support,4,407.0,1628.0,2024-09-07,Billed,2024-09-07,2024-09-09,2024-09,2,True
ORD-1959,CUST-141,East,Spare Parts,Filter Unit,7,988.29,6918.03,2024-06-07,Overdue,2024-06-07,2024-06-15,2024-06,8,False
ORD-1960,CUST-087,West,Equipment,Display Panel,10,308.98,3089.8,2024-03-11,Overdue,2024-03-11,2024-03-22,2024-03,11,False
ORD-1961,CUST-118,West,Equipment,Sensor Unit,6,224.16,1344.96,2024-11-15,Overdue,2024-11-15,2024-11-25,2024-11,10,False
ORD-1962,CUST-105,West,Service Contract,Premium Plan,6,1104.94,6629.64,2024-12-09,Pending,2024-12-09,2024-12-21,2024-12,12,False
ORD-1963,CUST-072,North,Service Contract,Enterprise Plan,1,1165.39,1165.39,2024-12-28,Pending,2024-12-28,2025-01-06,2024-12,9,False
ORD-1964,CUST-032,North,Service Contract,Enterprise Plan,9,1174.87,10573.83,2024-01-28,Overdue,2024-01-28,2024-02-06,2024-01,9,False
ORD-1965,CUST-049,West,Spare Parts,Filter Unit,9,400.5,3604.5,2024-01-10,Pending,2024-01-10,2024-01-23,2024-01,13,False
ORD-1966,CUST-053,South,Equipment,Sensor Unit,9,1233.37,11100.33,2024-07-24,Overdue,2024-07-24,2024-07-25,2024-07,1,True
ORD-1967,CUST-126,North,Time & Materials,Remote Support,3,859.13,2577.39,2024-09-27,Pending,2024-09-27,2024-10-04,2024-09,7,True
ORD-1968,CUST-066,North,Spare Parts,Filter Unit,9,377.9,3401.1,2024-03-14,Billed,2024-03-14,2024-03-19,2024-03,5,True
ORD-1969,CUST-023,South,Time & Materials,Remote Support,3,164.88,494.64,2024-06-15,Billed,2024-06-15,2024-06-16,2024-06,1,True
ORD-1970,CUST-015,East,Equipment,Sensor Unit,6,327.8,1966.8,2024-06-14,Pending,2024-06-14,2024-06-21,2024-06,7,True
ORD-1971,CUST-031,North,Service Contract,Basic Plan,10,1192.76,11927.6,2024-09-09,Overdue,2024-09-09,2024-09-22,2024-09,13,False
ORD-1972,CUST-130,West,Spare Parts,Control Board,1,670.76,670.76,2024-10-10,Pending,2024-10-10,2024-10-12,2024-10,2,True
ORD-1973,CUST-124,North,Equipment,Display Panel,4,1831.78,7327.12,2024-01-10,Pending,2024-01-10,2024-01-19,2024-01,9,False
ORD-1974,CUST-026,South,Service Contract,Premium Plan,10,843.15,8431.5,2024-02-12,Overdue,2024-02-12,2024-02-21,2024-02,9,False
ORD-1975,CUST-053,South,Time & Materials,Inspection Visit,3,1574.95,4724.85,2024-10-02,Pending,2024-10-02,2024-10-11,2024-10,9,False
ORD-1976,CUST-116,North,Spare Parts,Valve Kit,10,614.04,6140.4,2024-03-26,Billed,2024-03-26,2024-03-27,2024-03,1,True
ORD-1977,CUST-124,East,Time & Materials,Inspection Visit,7,1998.52,13989.64,2024-11-19,Billed,2024-11-19,2024-11-29,2024-11,10,False
ORD-1978,CUST-131,East,Spare Parts,Pump Seal,9,1148.01,10332.09,2024-06-02,Billed,2024-06-02,2024-06-09,2024-06,7,True
ORD-1979,CUST-032,South,Time & Materials,Remote Support,4,1240.37,4961.48,2024-06-11,Overdue,2024-06-11,2024-06-17,2024-06,6,True
ORD-1980,CUST-067,West,Time & Materials,On-site Repair,6,716.18,4297.08,2024-08-23,Overdue,2024-08-23,2024-08-29,2024-08,6,True
ORD-1981,CUST-005,South,Spare Parts,Valve Kit,1,1807.82,1807.82,2024-12-10,Billed,2024-12-10,2024-12-17,2024-12,7,True
ORD-1982,CUST-143,West,Equipment,Display Panel,2,1585.25,3170.5,2024-11-28,Overdue,2024-11-28,2024-11-30,2024-11,2,True
ORD-1983,CUST-138,North,Equipment,Display Panel,2,738.34,1476.68,2024-07-11,Overdue,2024-07-11,2024-07-17,2024-07,6,True
ORD-1984,CUST-100,South,Spare Parts,Filter Unit,8,772.44,6179.52,2024-04-08,Pending,2024-04-08,2024-04-09,2024-04,1,True
ORD-1985,CUST-057,North,Time & Materials,Inspection Visit,6,423.45,2540.7,2024-11-10,Overdue,2024-11-10,2024-11-15,2024-11,5,True
ORD-1986,CUST-057,South,Equipment,Motor Assembly,1,597.47,597.47,2024-12-26,Overdue,2024-12-26,2025-01-05,2024-12,10,False
ORD-1987,CUST-054,North,Service Contract,Enterprise Plan,7,266.35,1864.45,2024-05-22,Overdue,2024-05-22,2024-05-31,2024-05,9,False
ORD-1988,CUST-127,South,Service Contract,Enterprise Plan,10,1360.74,13607.4,2024-11-04,Overdue,2024-11-04,2024-11-07,2024-11,3,True
ORD-1989,CUST-017,South,Spare Parts,Pump Seal,5,1870.45,9352.25,2024-04-26,Overdue,2024-04-26,2024-05-08,2024-04,12,False
ORD-1990,CUST-071,South,Spare Parts,Control Board,9,1772.05,15948.45,2024-01-02,Pending,2024-01-02,2024-01-13,2024-01,11,False
ORD-1991,CUST-014,East,Equipment,Motor Assembly,5,287.35,1436.75,2024-09-22,Pending,2024-09-22,2024-09-30,2024-09,8,False
ORD-1992,CUST-093,North,Service Contract,Basic Plan,5,1840.86,9204.3,2024-09-29,Pending,2024-09-29,2024-10-05,2024-09,6,True
ORD-1993,CUST-002,West,Service Contract,Premium Plan,2,1766.19,3532.38,2024-01-13,Overdue,2024-01-13,2024-01-17,2024-01,4,True
ORD-1994,CUST-109,North,Service Contract,Basic Plan,3,691.99,2075.97,2024-02-02,Overdue,2024-02-02,2024-02-13,2024-02,11,False
ORD-1995,CUST-025,North,Equipment,Motor Assembly,1,1205.44,1205.44,2024-11-16,Pending,2024-11-16,2024-11-30,2024-11,14,False
ORD-1996,CUST-065,South,Spare Parts,Valve Kit,4,1919.67,7678.68,2024-01-28,Pending,2024-01-28,2024-02-06,2024-01,9,False
ORD-1997,CUST-061,North,Equipment,Sensor Unit,8,1178.92,9431.36,2024-02-13,Billed,2024-02-13,2024-02-14,2024-02,1,True
ORD-1998,CUST-097,East,Spare Parts,Pump Seal,1,1842.28,1842.28,2024-08-14,Billed,2024-08-14,2024-08-19,2024-08,5,True
ORD-1999,CUST-111,North,Spare Parts,Filter Unit,9,151.8,1366.2,2024-07-14,Pending,2024-07-14,2024-07-16,2024-07,2,True
